{"id": 0, "label": 3}
{"id": 1, "label": 1}
{"id": 2, "label": 2}
{"id": 3, "label": 2}
{"id": 4, "label": 2}
{"id": 5, "label": 1}
{"id": 6, "label": 0}
{"id": 7, "label": 3}
{"id": 8, "label": 0}
{"id": 9, "label": 0}
{"id": 10, "label": 0}
{"id": 11, "label": 0}
{"id": 12, "label": 1}
{"id": 13, "label": 1}
{"id": 14, "label": 2}
{"id": 15, "label": 2}
{"id": 16, "label": 2}
{"id": 17, "label": 3}
{"id": 18, "label": 1}
{"id": 19, "label": 0}
{"id": 20, "label": 3}
{"id": 21, "label": 0}
{"id": 22, "label": 2}
{"id": 23, "label": 3}
{"id": 24, "label": 1}
{"id": 25, "label": 2}
{"id": 26, "label": 1}
{"id": 27, "label": 1}
{"id": 28, "label": 0}
{"id": 29, "label": 1}
{"id": 30, "label": 3}
{"id": 31, "label": 1}
{"id": 32, "label": 3}
{"id": 33, "label": 3}
{"id": 34, "label": 2}
{"id": 35, "label": 1}
{"id": 36, "label": 3}
{"id": 37, "label": 2}
{"id": 38, "label": 0}
{"id": 39, "label": 3}
{"id": 40, "label": 0}
{"id": 41, "label": 2}
{"id": 42, "label": 2}
{"id": 43, "label": 2}
{"id": 44, "label": 3}
{"id": 45, "label": 0}
{"id": 46, "label": 2}
{"id": 47, "label": 2}
{"id": 48, "label": 2}
{"id": 49, "label": 2}
{"id": 50, "label": 1}
{"id": 51, "label": 3}
{"id": 52, "label": 2}
{"id": 53, "label": 2}
{"id": 54, "label": 3}
{"id": 55, "label": 0}
{"id": 56, "label": 0}
{"id": 57, "label": 2}
{"id": 58, "label": 3}
{"id": 59, "label": 2}
{"id": 60, "label": 3}
{"id": 61, "label": 3}
{"id": 62, "label": 2}
{"id": 63, "label": 3}
{"id": 64, "label": 3}
{"id": 65, "label": 0}
{"id": 66, "label": 3}
{"id": 67, "label": 2}
{"id": 68, "label": 1}
{"id": 69, "label": 2}
{"id": 70, "label": 0}
{"id": 71, "label": 0}
{"id": 72, "label": 0}
{"id": 73, "label": 0}
{"id": 74, "label": 2}
{"id": 75, "label": 1}
{"id": 76, "label": 1}
{"id": 77, "label": 1}
{"id": 78, "label": 1}
{"id": 79, "label": 2}
{"id": 80, "label": 2}
{"id": 81, "label": 1}
{"id": 82, "label": 3}
{"id": 83, "label": 0}
{"id": 84, "label": 1}
{"id": 85, "label": 1}
{"id": 86, "label": 2}
{"id": 87, "label": 0}
{"id": 88, "label": 1}
{"id": 89, "label": 0}
{"id": 90, "label": 2}
{"id": 91, "label": 2}
{"id": 92, "label": 3}
{"id": 93, "label": 1}
{"id": 94, "label": 3}
{"id": 95, "label": 2}
{"id": 96, "label": 0}
{"id": 97, "label": 0}
{"id": 98, "label": 2}
{"id": 99, "label": 1}
{"id": 100, "label": 2}
{"id": 101, "label": 3}
{"id": 102, "label": 3}
{"id": 103, "label": 0}
{"id": 104, "label": 1}
{"id": 105, "label": 2}
{"id": 106, "label": 2}
{"id": 107, "label": 1}
{"id": 108, "label": 1}
{"id": 109, "label": 0}
{"id": 110, "label": 1}
{"id": 111, "label": 1}
{"id": 112, "label": 3}
{"id": 113, "label": 1}
{"id": 114, "label": 0}
{"id": 115, "label": 3}
{"id": 116, "label": 3}
{"id": 117, "label": 3}
{"id": 118, "label": 3}
{"id": 119, "label": 3}
{"id": 120, "label": 3}
{"id": 121, "label": 1}
{"id": 122, "label": 0}
{"id": 123, "label": 3}
{"id": 124, "label": 1}
{"id": 125, "label": 0}
{"id": 126, "label": 1}
{"id": 127, "label": 0}
{"id": 128, "label": 3}
{"id": 129, "label": 3}
{"id": 130, "label": 1}
{"id": 131, "label": 2}
{"id": 132, "label": 1}
{"id": 133, "label": 0}
{"id": 134, "label": 2}
{"id": 135, "label": 1}
{"id": 136, "label": 2}
{"id": 137, "label": 1}
{"id": 138, "label": 2}
{"id": 139, "label": 2}
{"id": 140, "label": 0}
{"id": 141, "label": 2}
{"id": 142, "label": 1}
{"id": 143, "label": 2}
{"id": 144, "label": 1}
{"id": 145, "label": 0}
{"id": 146, "label": 1}
{"id": 147, "label": 1}
{"id": 148, "label": 0}
{"id": 149, "label": 2}
{"id": 150, "label": 3}
{"id": 151, "label": 1}
{"id": 152, "label": 2}
{"id": 153, "label": 1}
{"id": 154, "label": 2}
{"id": 155, "label": 2}
{"id": 156, "label": 1}
{"id": 157, "label": 3}
{"id": 158, "label": 3}
{"id": 159, "label": 2}
{"id": 160, "label": 1}
{"id": 161, "label": 1}
{"id": 162, "label": 0}
{"id": 163, "label": 3}
{"id": 164, "label": 3}
{"id": 165, "label": 0}
{"id": 166, "label": 0}
{"id": 167, "label": 2}
{"id": 168, "label": 3}
{"id": 169, "label": 0}
{"id": 170, "label": 0}
{"id": 171, "label": 1}
{"id": 172, "label": 3}
{"id": 173, "label": 1}
{"id": 174, "label": 0}
{"id": 175, "label": 1}
{"id": 176, "label": 2}
{"id": 177, "label": 0}
{"id": 178, "label": 3}
{"id": 179, "label": 1}
{"id": 180, "label": 2}
{"id": 181, "label": 1}
{"id": 182, "label": 0}
{"id": 183, "label": 0}
{"id": 184, "label": 2}
{"id": 185, "label": 2}
{"id": 186, "label": 3}
{"id": 187, "label": 1}
{"id": 188, "label": 3}
{"id": 189, "label": 1}
{"id": 190, "label": 1}
{"id": 191, "label": 0}
{"id": 192, "label": 2}
{"id": 193, "label": 3}
{"id": 194, "label": 0}
{"id": 195, "label": 1}
{"id": 196, "label": 0}
{"id": 197, "label": 3}
{"id": 198, "label": 2}
{"id": 199, "label": 3}
{"id": 200, "label": 1}
{"id": 201, "label": 1}
{"id": 202, "label": 3}
{"id": 203, "label": 3}
{"id": 204, "label": 1}
{"id": 205, "label": 3}
{"id": 206, "label": 2}
{"id": 207, "label": 2}
{"id": 208, "label": 1}
{"id": 209, "label": 2}
{"id": 210, "label": 1}
{"id": 211, "label": 2}
{"id": 212, "label": 1}
{"id": 213, "label": 0}
{"id": 214, "label": 0}
{"id": 215, "label": 0}
{"id": 216, "label": 1}
{"id": 217, "label": 2}
{"id": 218, "label": 2}
{"id": 219, "label": 2}
{"id": 220, "label": 1}
{"id": 221, "label": 2}
{"id": 222, "label": 2}
{"id": 223, "label": 1}
{"id": 224, "label": 1}
{"id": 225, "label": 0}
{"id": 226, "label": 3}
{"id": 227, "label": 0}
{"id": 228, "label": 1}
{"id": 229, "label": 3}
{"id": 230, "label": 3}
{"id": 231, "label": 1}
{"id": 232, "label": 2}
{"id": 233, "label": 0}
{"id": 234, "label": 0}
{"id": 235, "label": 3}
{"id": 236, "label": 1}
{"id": 237, "label": 2}
{"id": 238, "label": 0}
{"id": 239, "label": 0}
{"id": 240, "label": 1}
{"id": 241, "label": 0}
{"id": 242, "label": 3}
{"id": 243, "label": 0}
{"id": 244, "label": 2}
{"id": 245, "label": 3}
{"id": 246, "label": 0}
{"id": 247, "label": 2}
{"id": 248, "label": 1}
{"id": 249, "label": 2}
{"id": 250, "label": 3}
{"id": 251, "label": 1}
{"id": 252, "label": 0}
{"id": 253, "label": 2}
{"id": 254, "label": 2}
{"id": 255, "label": 3}
{"id": 256, "label": 1}
{"id": 257, "label": 0}
{"id": 258, "label": 1}
{"id": 259, "label": 1}
{"id": 260, "label": 2}
{"id": 261, "label": 2}
{"id": 262, "label": 2}
{"id": 263, "label": 1}
{"id": 264, "label": 0}
{"id": 265, "label": 2}
{"id": 266, "label": 3}
{"id": 267, "label": 0}
{"id": 268, "label": 2}
{"id": 269, "label": 0}
{"id": 270, "label": 0}
{"id": 271, "label": 1}
{"id": 272, "label": 3}
{"id": 273, "label": 2}
{"id": 274, "label": 1}
{"id": 275, "label": 1}
{"id": 276, "label": 1}
{"id": 277, "label": 1}
{"id": 278, "label": 0}
{"id": 279, "label": 2}
{"id": 280, "label": 2}
{"id": 281, "label": 3}
{"id": 282, "label": 0}
{"id": 283, "label": 3}
{"id": 284, "label": 1}
{"id": 285, "label": 3}
{"id": 286, "label": 1}
{"id": 287, "label": 0}
{"id": 288, "label": 1}
{"id": 289, "label": 2}
{"id": 290, "label": 1}
{"id": 291, "label": 0}
{"id": 292, "label": 0}
{"id": 293, "label": 1}
{"id": 294, "label": 1}
{"id": 295, "label": 3}
{"id": 296, "label": 2}
{"id": 297, "label": 0}
{"id": 298, "label": 1}
{"id": 299, "label": 2}
{"id": 300, "label": 2}
{"id": 301, "label": 0}
{"id": 302, "label": 2}
{"id": 303, "label": 1}
{"id": 304, "label": 1}
{"id": 305, "label": 1}
{"id": 306, "label": 0}
{"id": 307, "label": 3}
{"id": 308, "label": 3}
{"id": 309, "label": 1}
{"id": 310, "label": 3}
{"id": 311, "label": 2}
{"id": 312, "label": 1}
{"id": 313, "label": 1}
{"id": 314, "label": 0}
{"id": 315, "label": 2}
{"id": 316, "label": 1}
{"id": 317, "label": 1}
{"id": 318, "label": 2}
{"id": 319, "label": 3}
{"id": 320, "label": 2}
{"id": 321, "label": 0}
{"id": 322, "label": 1}
{"id": 323, "label": 0}
{"id": 324, "label": 2}
{"id": 325, "label": 0}
{"id": 326, "label": 1}
{"id": 327, "label": 2}
{"id": 328, "label": 1}
{"id": 329, "label": 2}
{"id": 330, "label": 2}
{"id": 331, "label": 3}
{"id": 332, "label": 1}
{"id": 333, "label": 0}
{"id": 334, "label": 3}
{"id": 335, "label": 1}
{"id": 336, "label": 0}
{"id": 337, "label": 1}
{"id": 338, "label": 1}
{"id": 339, "label": 3}
{"id": 340, "label": 1}
{"id": 341, "label": 0}
{"id": 342, "label": 2}
{"id": 343, "label": 0}
{"id": 344, "label": 1}
{"id": 345, "label": 0}
{"id": 346, "label": 0}
{"id": 347, "label": 3}
{"id": 348, "label": 0}
{"id": 349, "label": 3}
{"id": 350, "label": 1}
{"id": 351, "label": 2}
{"id": 352, "label": 0}
{"id": 353, "label": 2}
{"id": 354, "label": 2}
{"id": 355, "label": 2}
{"id": 356, "label": 3}
{"id": 357, "label": 3}
{"id": 358, "label": 0}
{"id": 359, "label": 1}
{"id": 360, "label": 2}
{"id": 361, "label": 0}
{"id": 362, "label": 2}
{"id": 363, "label": 0}
{"id": 364, "label": 1}
{"id": 365, "label": 1}
{"id": 366, "label": 2}
{"id": 367, "label": 1}
{"id": 368, "label": 2}
{"id": 369, "label": 1}
{"id": 370, "label": 3}
{"id": 371, "label": 1}
{"id": 372, "label": 3}
{"id": 373, "label": 0}
{"id": 374, "label": 2}
{"id": 375, "label": 1}
{"id": 376, "label": 0}
{"id": 377, "label": 0}
{"id": 378, "label": 0}
{"id": 379, "label": 0}
{"id": 380, "label": 0}
{"id": 381, "label": 1}
{"id": 382, "label": 3}
{"id": 383, "label": 2}
{"id": 384, "label": 1}
{"id": 385, "label": 2}
{"id": 386, "label": 1}
{"id": 387, "label": 2}
{"id": 388, "label": 1}
{"id": 389, "label": 0}
{"id": 390, "label": 3}
{"id": 391, "label": 1}
{"id": 392, "label": 2}
{"id": 393, "label": 2}
{"id": 394, "label": 1}
{"id": 395, "label": 2}
{"id": 396, "label": 0}
{"id": 397, "label": 3}
{"id": 398, "label": 1}
{"id": 399, "label": 2}
{"id": 400, "label": 3}
{"id": 401, "label": 3}
{"id": 402, "label": 0}
{"id": 403, "label": 2}
{"id": 404, "label": 0}
{"id": 405, "label": 1}
{"id": 406, "label": 1}
{"id": 407, "label": 1}
{"id": 408, "label": 2}
{"id": 409, "label": 0}
{"id": 410, "label": 0}
{"id": 411, "label": 2}
{"id": 412, "label": 1}
{"id": 413, "label": 3}
{"id": 414, "label": 2}
{"id": 415, "label": 1}
{"id": 416, "label": 2}
{"id": 417, "label": 1}
{"id": 418, "label": 2}
{"id": 419, "label": 0}
{"id": 420, "label": 0}
{"id": 421, "label": 3}
{"id": 422, "label": 0}
{"id": 423, "label": 1}
{"id": 424, "label": 2}
{"id": 425, "label": 2}
{"id": 426, "label": 2}
{"id": 427, "label": 0}
{"id": 428, "label": 2}
{"id": 429, "label": 2}
{"id": 430, "label": 1}
{"id": 431, "label": 0}
{"id": 432, "label": 3}
{"id": 433, "label": 3}
{"id": 434, "label": 0}
{"id": 435, "label": 2}
{"id": 436, "label": 0}
{"id": 437, "label": 1}
{"id": 438, "label": 2}
{"id": 439, "label": 3}
{"id": 440, "label": 3}
{"id": 441, "label": 3}
{"id": 442, "label": 2}
{"id": 443, "label": 0}
{"id": 444, "label": 3}
{"id": 445, "label": 2}
{"id": 446, "label": 0}
{"id": 447, "label": 1}
{"id": 448, "label": 0}
{"id": 449, "label": 1}
{"id": 450, "label": 3}
{"id": 451, "label": 3}
{"id": 452, "label": 0}
{"id": 453, "label": 1}
{"id": 454, "label": 1}
{"id": 455, "label": 3}
{"id": 456, "label": 2}
{"id": 457, "label": 2}
{"id": 458, "label": 0}
{"id": 459, "label": 2}
{"id": 460, "label": 3}
{"id": 461, "label": 0}
{"id": 462, "label": 3}
{"id": 463, "label": 3}
{"id": 464, "label": 0}
{"id": 465, "label": 3}
{"id": 466, "label": 0}
{"id": 467, "label": 1}
{"id": 468, "label": 3}
{"id": 469, "label": 0}
{"id": 470, "label": 0}
{"id": 471, "label": 2}
{"id": 472, "label": 1}
{"id": 473, "label": 1}
{"id": 474, "label": 2}
{"id": 475, "label": 1}
{"id": 476, "label": 1}
{"id": 477, "label": 1}
{"id": 478, "label": 1}
{"id": 479, "label": 0}
{"id": 480, "label": 2}
{"id": 481, "label": 0}
{"id": 482, "label": 0}
{"id": 483, "label": 0}
{"id": 484, "label": 1}
{"id": 485, "label": 0}
{"id": 486, "label": 0}
{"id": 487, "label": 3}
{"id": 488, "label": 3}
{"id": 489, "label": 3}
{"id": 490, "label": 0}
{"id": 491, "label": 1}
{"id": 492, "label": 1}
{"id": 493, "label": 1}
{"id": 494, "label": 1}
{"id": 495, "label": 0}
{"id": 496, "label": 0}
{"id": 497, "label": 0}
{"id": 498, "label": 0}
{"id": 499, "label": 1}
{"id": 500, "label": 2}
{"id": 501, "label": 1}
{"id": 502, "label": 2}
{"id": 503, "label": 0}
{"id": 504, "label": 3}
{"id": 505, "label": 3}
{"id": 506, "label": 3}
{"id": 507, "label": 3}
{"id": 508, "label": 2}
{"id": 509, "label": 1}
{"id": 510, "label": 3}
{"id": 511, "label": 2}
{"id": 512, "label": 1}
{"id": 513, "label": 1}
{"id": 514, "label": 1}
{"id": 515, "label": 0}
{"id": 516, "label": 3}
{"id": 517, "label": 3}
{"id": 518, "label": 1}
{"id": 519, "label": 2}
{"id": 520, "label": 0}
{"id": 521, "label": 2}
{"id": 522, "label": 1}
{"id": 523, "label": 1}
{"id": 524, "label": 3}
{"id": 525, "label": 2}
{"id": 526, "label": 3}
{"id": 527, "label": 3}
{"id": 528, "label": 1}
{"id": 529, "label": 3}
{"id": 530, "label": 2}
{"id": 531, "label": 0}
{"id": 532, "label": 3}
{"id": 533, "label": 0}
{"id": 534, "label": 0}
{"id": 535, "label": 0}
{"id": 536, "label": 0}
{"id": 537, "label": 1}
{"id": 538, "label": 1}
{"id": 539, "label": 1}
{"id": 540, "label": 3}
{"id": 541, "label": 0}
{"id": 542, "label": 2}
{"id": 543, "label": 1}
{"id": 544, "label": 2}
{"id": 545, "label": 1}
{"id": 546, "label": 1}
{"id": 547, "label": 2}
{"id": 548, "label": 1}
{"id": 549, "label": 1}
{"id": 550, "label": 3}
{"id": 551, "label": 0}
{"id": 552, "label": 1}
{"id": 553, "label": 0}
{"id": 554, "label": 0}
{"id": 555, "label": 0}
{"id": 556, "label": 1}
{"id": 557, "label": 2}
{"id": 558, "label": 0}
{"id": 559, "label": 2}
{"id": 560, "label": 2}
{"id": 561, "label": 1}
{"id": 562, "label": 1}
{"id": 563, "label": 1}
{"id": 564, "label": 0}
{"id": 565, "label": 0}
{"id": 566, "label": 2}
{"id": 567, "label": 1}
{"id": 568, "label": 2}
{"id": 569, "label": 1}
{"id": 570, "label": 2}
{"id": 571, "label": 2}
{"id": 572, "label": 0}
{"id": 573, "label": 1}
{"id": 574, "label": 0}
{"id": 575, "label": 1}
{"id": 576, "label": 3}
{"id": 577, "label": 1}
{"id": 578, "label": 2}
{"id": 579, "label": 3}
{"id": 580, "label": 0}
{"id": 581, "label": 0}
{"id": 582, "label": 1}
{"id": 583, "label": 2}
{"id": 584, "label": 1}
{"id": 585, "label": 0}
{"id": 586, "label": 2}
{"id": 587, "label": 0}
{"id": 588, "label": 1}
{"id": 589, "label": 0}
{"id": 590, "label": 0}
{"id": 591, "label": 0}
{"id": 592, "label": 0}
{"id": 593, "label": 1}
{"id": 594, "label": 0}
{"id": 595, "label": 3}
{"id": 596, "label": 1}
{"id": 597, "label": 3}
{"id": 598, "label": 0}
{"id": 599, "label": 1}
{"id": 600, "label": 2}
{"id": 601, "label": 0}
{"id": 602, "label": 1}
{"id": 603, "label": 2}
{"id": 604, "label": 2}
{"id": 605, "label": 1}
{"id": 606, "label": 0}
{"id": 607, "label": 3}
{"id": 608, "label": 2}
{"id": 609, "label": 3}
{"id": 610, "label": 1}
{"id": 611, "label": 1}
{"id": 612, "label": 0}
{"id": 613, "label": 0}
{"id": 614, "label": 0}
{"id": 615, "label": 2}
{"id": 616, "label": 2}
{"id": 617, "label": 0}
{"id": 618, "label": 3}
{"id": 619, "label": 2}
{"id": 620, "label": 3}
{"id": 621, "label": 3}
{"id": 622, "label": 1}
{"id": 623, "label": 0}
{"id": 624, "label": 1}
{"id": 625, "label": 0}
{"id": 626, "label": 0}
{"id": 627, "label": 2}
{"id": 628, "label": 0}
{"id": 629, "label": 1}
{"id": 630, "label": 3}
{"id": 631, "label": 1}
{"id": 632, "label": 1}
{"id": 633, "label": 0}
{"id": 634, "label": 0}
{"id": 635, "label": 2}
{"id": 636, "label": 1}
{"id": 637, "label": 1}
{"id": 638, "label": 2}
{"id": 639, "label": 0}
{"id": 640, "label": 2}
{"id": 641, "label": 2}
{"id": 642, "label": 1}
{"id": 643, "label": 1}
{"id": 644, "label": 1}
{"id": 645, "label": 1}
{"id": 646, "label": 3}
{"id": 647, "label": 0}
{"id": 648, "label": 2}
{"id": 649, "label": 3}
{"id": 650, "label": 3}
{"id": 651, "label": 2}
{"id": 652, "label": 1}
{"id": 653, "label": 2}
{"id": 654, "label": 0}
{"id": 655, "label": 1}
{"id": 656, "label": 3}
{"id": 657, "label": 1}
{"id": 658, "label": 0}
{"id": 659, "label": 2}
{"id": 660, "label": 1}
{"id": 661, "label": 0}
{"id": 662, "label": 2}
{"id": 663, "label": 3}
{"id": 664, "label": 1}
{"id": 665, "label": 2}
{"id": 666, "label": 2}
{"id": 667, "label": 2}
{"id": 668, "label": 3}
{"id": 669, "label": 0}
{"id": 670, "label": 2}
{"id": 671, "label": 2}
{"id": 672, "label": 1}
{"id": 673, "label": 3}
{"id": 674, "label": 3}
{"id": 675, "label": 0}
{"id": 676, "label": 2}
{"id": 677, "label": 0}
{"id": 678, "label": 2}
{"id": 679, "label": 1}
{"id": 680, "label": 0}
{"id": 681, "label": 3}
{"id": 682, "label": 0}
{"id": 683, "label": 2}
{"id": 684, "label": 2}
{"id": 685, "label": 0}
{"id": 686, "label": 1}
{"id": 687, "label": 0}
{"id": 688, "label": 3}
{"id": 689, "label": 3}
{"id": 690, "label": 2}
{"id": 691, "label": 1}
{"id": 692, "label": 1}
{"id": 693, "label": 0}
{"id": 694, "label": 2}
{"id": 695, "label": 3}
{"id": 696, "label": 3}
{"id": 697, "label": 2}
{"id": 698, "label": 1}
{"id": 699, "label": 2}
{"id": 700, "label": 2}
{"id": 701, "label": 2}
{"id": 702, "label": 2}
{"id": 703, "label": 1}
{"id": 704, "label": 0}
{"id": 705, "label": 1}
{"id": 706, "label": 1}
{"id": 707, "label": 0}
{"id": 708, "label": 2}
{"id": 709, "label": 1}
{"id": 710, "label": 0}
{"id": 711, "label": 2}
{"id": 712, "label": 1}
{"id": 713, "label": 2}
{"id": 714, "label": 3}
{"id": 715, "label": 3}
{"id": 716, "label": 0}
{"id": 717, "label": 1}
{"id": 718, "label": 2}
{"id": 719, "label": 2}
{"id": 720, "label": 3}
{"id": 721, "label": 2}
{"id": 722, "label": 1}
{"id": 723, "label": 1}
{"id": 724, "label": 2}
{"id": 725, "label": 0}
{"id": 726, "label": 1}
{"id": 727, "label": 3}
{"id": 728, "label": 0}
{"id": 729, "label": 2}
{"id": 730, "label": 2}
{"id": 731, "label": 3}
{"id": 732, "label": 1}
{"id": 733, "label": 1}
{"id": 734, "label": 1}
{"id": 735, "label": 2}
{"id": 736, "label": 1}
{"id": 737, "label": 3}
{"id": 738, "label": 1}
{"id": 739, "label": 0}
{"id": 740, "label": 1}
{"id": 741, "label": 2}
{"id": 742, "label": 0}
{"id": 743, "label": 3}
{"id": 744, "label": 1}
{"id": 745, "label": 3}
{"id": 746, "label": 2}
{"id": 747, "label": 0}
{"id": 748, "label": 1}
{"id": 749, "label": 2}
{"id": 750, "label": 1}
{"id": 751, "label": 2}
{"id": 752, "label": 2}
{"id": 753, "label": 0}
{"id": 754, "label": 2}
{"id": 755, "label": 1}
{"id": 756, "label": 2}
{"id": 757, "label": 2}
{"id": 758, "label": 2}
{"id": 759, "label": 3}
{"id": 760, "label": 2}
{"id": 761, "label": 2}
{"id": 762, "label": 2}
{"id": 763, "label": 1}
{"id": 764, "label": 2}
{"id": 765, "label": 2}
{"id": 766, "label": 0}
{"id": 767, "label": 1}
{"id": 768, "label": 1}
{"id": 769, "label": 0}
{"id": 770, "label": 0}
{"id": 771, "label": 3}
{"id": 772, "label": 2}
{"id": 773, "label": 0}
{"id": 774, "label": 2}
{"id": 775, "label": 2}
{"id": 776, "label": 2}
{"id": 777, "label": 1}
{"id": 778, "label": 0}
{"id": 779, "label": 1}
{"id": 780, "label": 2}
{"id": 781, "label": 3}
{"id": 782, "label": 1}
{"id": 783, "label": 2}
{"id": 784, "label": 0}
{"id": 785, "label": 2}
{"id": 786, "label": 2}
{"id": 787, "label": 1}
{"id": 788, "label": 3}
{"id": 789, "label": 0}
{"id": 790, "label": 3}
{"id": 791, "label": 0}
{"id": 792, "label": 1}
{"id": 793, "label": 2}
{"id": 794, "label": 3}
{"id": 795, "label": 2}
{"id": 796, "label": 2}
{"id": 797, "label": 2}
{"id": 798, "label": 1}
{"id": 799, "label": 2}
{"id": 800, "label": 0}
{"id": 801, "label": 1}
{"id": 802, "label": 3}
{"id": 803, "label": 0}
{"id": 804, "label": 0}
{"id": 805, "label": 1}
{"id": 806, "label": 1}
{"id": 807, "label": 1}
{"id": 808, "label": 1}
{"id": 809, "label": 0}
{"id": 810, "label": 1}
{"id": 811, "label": 1}
{"id": 812, "label": 1}
{"id": 813, "label": 2}
{"id": 814, "label": 0}
{"id": 815, "label": 1}
{"id": 816, "label": 2}
{"id": 817, "label": 1}
{"id": 818, "label": 3}
{"id": 819, "label": 1}
{"id": 820, "label": 3}
{"id": 821, "label": 1}
{"id": 822, "label": 3}
{"id": 823, "label": 2}
{"id": 824, "label": 0}
{"id": 825, "label": 0}
{"id": 826, "label": 3}
{"id": 827, "label": 0}
{"id": 828, "label": 0}
{"id": 829, "label": 1}
{"id": 830, "label": 2}
{"id": 831, "label": 3}
{"id": 832, "label": 2}
{"id": 833, "label": 2}
{"id": 834, "label": 1}
{"id": 835, "label": 1}
{"id": 836, "label": 3}
{"id": 837, "label": 3}
{"id": 838, "label": 2}
{"id": 839, "label": 0}
{"id": 840, "label": 0}
{"id": 841, "label": 2}
{"id": 842, "label": 0}
{"id": 843, "label": 1}
{"id": 844, "label": 0}
{"id": 845, "label": 1}
{"id": 846, "label": 1}
{"id": 847, "label": 2}
{"id": 848, "label": 2}
{"id": 849, "label": 0}
{"id": 850, "label": 1}
{"id": 851, "label": 3}
{"id": 852, "label": 3}
{"id": 853, "label": 3}
{"id": 854, "label": 3}
{"id": 855, "label": 3}
{"id": 856, "label": 1}
{"id": 857, "label": 2}
{"id": 858, "label": 0}
{"id": 859, "label": 3}
{"id": 860, "label": 2}
{"id": 861, "label": 0}
{"id": 862, "label": 3}
{"id": 863, "label": 1}
{"id": 864, "label": 3}
{"id": 865, "label": 0}
{"id": 866, "label": 2}
{"id": 867, "label": 1}
{"id": 868, "label": 1}
{"id": 869, "label": 2}
{"id": 870, "label": 2}
{"id": 871, "label": 1}
{"id": 872, "label": 0}
{"id": 873, "label": 0}
{"id": 874, "label": 1}
{"id": 875, "label": 0}
{"id": 876, "label": 1}
{"id": 877, "label": 3}
{"id": 878, "label": 1}
{"id": 879, "label": 2}
{"id": 880, "label": 2}
{"id": 881, "label": 0}
{"id": 882, "label": 3}
{"id": 883, "label": 2}
{"id": 884, "label": 2}
{"id": 885, "label": 1}
{"id": 886, "label": 2}
{"id": 887, "label": 0}
{"id": 888, "label": 0}
{"id": 889, "label": 2}
{"id": 890, "label": 3}
{"id": 891, "label": 3}
{"id": 892, "label": 3}
{"id": 893, "label": 0}
{"id": 894, "label": 2}
{"id": 895, "label": 1}
{"id": 896, "label": 2}
{"id": 897, "label": 0}
{"id": 898, "label": 3}
{"id": 899, "label": 1}
{"id": 900, "label": 3}
{"id": 901, "label": 1}
{"id": 902, "label": 2}
{"id": 903, "label": 1}
{"id": 904, "label": 0}
{"id": 905, "label": 2}
{"id": 906, "label": 3}
{"id": 907, "label": 3}
{"id": 908, "label": 1}
{"id": 909, "label": 3}
{"id": 910, "label": 3}
{"id": 911, "label": 3}
{"id": 912, "label": 1}
{"id": 913, "label": 3}
{"id": 914, "label": 0}
{"id": 915, "label": 1}
{"id": 916, "label": 2}
{"id": 917, "label": 0}
{"id": 918, "label": 1}
{"id": 919, "label": 1}
{"id": 920, "label": 1}
{"id": 921, "label": 2}
{"id": 922, "label": 2}
{"id": 923, "label": 2}
{"id": 924, "label": 3}
{"id": 925, "label": 3}
{"id": 926, "label": 3}
{"id": 927, "label": 1}
{"id": 928, "label": 1}
{"id": 929, "label": 0}
{"id": 930, "label": 1}
{"id": 931, "label": 2}
{"id": 932, "label": 1}
{"id": 933, "label": 1}
{"id": 934, "label": 1}
{"id": 935, "label": 0}
{"id": 936, "label": 0}
{"id": 937, "label": 0}
{"id": 938, "label": 1}
{"id": 939, "label": 3}
{"id": 940, "label": 0}
{"id": 941, "label": 3}
{"id": 942, "label": 0}
{"id": 943, "label": 2}
{"id": 944, "label": 2}
{"id": 945, "label": 3}
{"id": 946, "label": 3}
{"id": 947, "label": 3}
{"id": 948, "label": 2}
{"id": 949, "label": 1}
{"id": 950, "label": 1}
{"id": 951, "label": 0}
{"id": 952, "label": 1}
{"id": 953, "label": 1}
{"id": 954, "label": 3}
{"id": 955, "label": 1}
{"id": 956, "label": 0}
{"id": 957, "label": 0}
{"id": 958, "label": 1}
{"id": 959, "label": 2}
{"id": 960, "label": 1}
{"id": 961, "label": 1}
{"id": 962, "label": 0}
{"id": 963, "label": 0}
{"id": 964, "label": 0}
{"id": 965, "label": 2}
{"id": 966, "label": 3}
{"id": 967, "label": 3}
{"id": 968, "label": 3}
{"id": 969, "label": 2}
{"id": 970, "label": 3}
{"id": 971, "label": 3}
{"id": 972, "label": 3}
{"id": 973, "label": 2}
{"id": 974, "label": 0}
{"id": 975, "label": 3}
{"id": 976, "label": 0}
{"id": 977, "label": 3}
{"id": 978, "label": 2}
{"id": 979, "label": 2}
{"id": 980, "label": 0}
{"id": 981, "label": 0}
{"id": 982, "label": 0}
{"id": 983, "label": 3}
{"id": 984, "label": 1}
{"id": 985, "label": 1}
{"id": 986, "label": 3}
{"id": 987, "label": 3}
{"id": 988, "label": 2}
{"id": 989, "label": 3}
{"id": 990, "label": 3}
{"id": 991, "label": 3}
{"id": 992, "label": 0}
{"id": 993, "label": 3}
{"id": 994, "label": 3}
{"id": 995, "label": 2}
{"id": 996, "label": 1}
{"id": 997, "label": 3}
{"id": 998, "label": 1}
{"id": 999, "label": 2}
{"id": 1000, "label": 1}
{"id": 1001, "label": 2}
{"id": 1002, "label": 1}
{"id": 1003, "label": 1}
{"id": 1004, "label": 2}
{"id": 1005, "label": 0}
{"id": 1006, "label": 2}
{"id": 1007, "label": 3}
{"id": 1008, "label": 3}
{"id": 1009, "label": 1}
{"id": 1010, "label": 0}
{"id": 1011, "label": 2}
{"id": 1012, "label": 3}
{"id": 1013, "label": 0}
{"id": 1014, "label": 2}
{"id": 1015, "label": 3}
{"id": 1016, "label": 1}
{"id": 1017, "label": 3}
{"id": 1018, "label": 0}
{"id": 1019, "label": 1}
{"id": 1020, "label": 1}
{"id": 1021, "label": 2}
{"id": 1022, "label": 3}
{"id": 1023, "label": 0}
{"id": 1024, "label": 0}
{"id": 1025, "label": 1}
{"id": 1026, "label": 1}
{"id": 1027, "label": 2}
{"id": 1028, "label": 3}
{"id": 1029, "label": 0}
{"id": 1030, "label": 1}
{"id": 1031, "label": 3}
{"id": 1032, "label": 1}
{"id": 1033, "label": 0}
{"id": 1034, "label": 2}
{"id": 1035, "label": 0}
{"id": 1036, "label": 2}
{"id": 1037, "label": 0}
{"id": 1038, "label": 1}
{"id": 1039, "label": 3}
{"id": 1040, "label": 2}
{"id": 1041, "label": 1}
{"id": 1042, "label": 2}
{"id": 1043, "label": 0}
{"id": 1044, "label": 2}
{"id": 1045, "label": 2}
{"id": 1046, "label": 1}
{"id": 1047, "label": 1}
{"id": 1048, "label": 2}
{"id": 1049, "label": 0}
{"id": 1050, "label": 2}
{"id": 1051, "label": 1}
{"id": 1052, "label": 0}
{"id": 1053, "label": 0}
{"id": 1054, "label": 0}
{"id": 1055, "label": 3}
{"id": 1056, "label": 1}
{"id": 1057, "label": 2}
{"id": 1058, "label": 0}
{"id": 1059, "label": 1}
{"id": 1060, "label": 0}
{"id": 1061, "label": 2}
{"id": 1062, "label": 3}
{"id": 1063, "label": 3}
{"id": 1064, "label": 0}
{"id": 1065, "label": 3}
{"id": 1066, "label": 1}
{"id": 1067, "label": 2}
{"id": 1068, "label": 3}
{"id": 1069, "label": 1}
{"id": 1070, "label": 2}
{"id": 1071, "label": 0}
{"id": 1072, "label": 1}
{"id": 1073, "label": 0}
{"id": 1074, "label": 3}
{"id": 1075, "label": 3}
{"id": 1076, "label": 1}
{"id": 1077, "label": 2}
{"id": 1078, "label": 0}
{"id": 1079, "label": 1}
{"id": 1080, "label": 2}
{"id": 1081, "label": 2}
{"id": 1082, "label": 3}
{"id": 1083, "label": 0}
{"id": 1084, "label": 2}
{"id": 1085, "label": 2}
{"id": 1086, "label": 2}
{"id": 1087, "label": 3}
{"id": 1088, "label": 1}
{"id": 1089, "label": 3}
{"id": 1090, "label": 1}
{"id": 1091, "label": 0}
{"id": 1092, "label": 1}
{"id": 1093, "label": 2}
{"id": 1094, "label": 3}
{"id": 1095, "label": 3}
{"id": 1096, "label": 1}
{"id": 1097, "label": 2}
{"id": 1098, "label": 3}
{"id": 1099, "label": 1}
{"id": 1100, "label": 2}
{"id": 1101, "label": 2}
{"id": 1102, "label": 1}
{"id": 1103, "label": 3}
{"id": 1104, "label": 2}
{"id": 1105, "label": 1}
{"id": 1106, "label": 2}
{"id": 1107, "label": 0}
{"id": 1108, "label": 2}
{"id": 1109, "label": 2}
{"id": 1110, "label": 0}
{"id": 1111, "label": 1}
{"id": 1112, "label": 3}
{"id": 1113, "label": 3}
{"id": 1114, "label": 2}
{"id": 1115, "label": 3}
{"id": 1116, "label": 0}
{"id": 1117, "label": 1}
{"id": 1118, "label": 2}
{"id": 1119, "label": 1}
{"id": 1120, "label": 1}
{"id": 1121, "label": 3}
{"id": 1122, "label": 1}
{"id": 1123, "label": 3}
{"id": 1124, "label": 0}
{"id": 1125, "label": 3}
{"id": 1126, "label": 0}
{"id": 1127, "label": 0}
{"id": 1128, "label": 2}
{"id": 1129, "label": 1}
{"id": 1130, "label": 0}
{"id": 1131, "label": 2}
{"id": 1132, "label": 1}
{"id": 1133, "label": 0}
{"id": 1134, "label": 0}
{"id": 1135, "label": 0}
{"id": 1136, "label": 3}
{"id": 1137, "label": 1}
{"id": 1138, "label": 1}
{"id": 1139, "label": 0}
{"id": 1140, "label": 1}
{"id": 1141, "label": 2}
{"id": 1142, "label": 0}
{"id": 1143, "label": 2}
{"id": 1144, "label": 2}
{"id": 1145, "label": 0}
{"id": 1146, "label": 0}
{"id": 1147, "label": 2}
{"id": 1148, "label": 2}
{"id": 1149, "label": 3}
{"id": 1150, "label": 0}
{"id": 1151, "label": 2}
{"id": 1152, "label": 2}
{"id": 1153, "label": 2}
{"id": 1154, "label": 0}
{"id": 1155, "label": 2}
{"id": 1156, "label": 2}
{"id": 1157, "label": 0}
{"id": 1158, "label": 2}
{"id": 1159, "label": 0}
{"id": 1160, "label": 1}
{"id": 1161, "label": 2}
{"id": 1162, "label": 3}
{"id": 1163, "label": 0}
{"id": 1164, "label": 1}
{"id": 1165, "label": 2}
{"id": 1166, "label": 0}
{"id": 1167, "label": 0}
{"id": 1168, "label": 0}
{"id": 1169, "label": 0}
{"id": 1170, "label": 1}
{"id": 1171, "label": 1}
{"id": 1172, "label": 2}
{"id": 1173, "label": 2}
{"id": 1174, "label": 1}
{"id": 1175, "label": 2}
{"id": 1176, "label": 2}
{"id": 1177, "label": 0}
{"id": 1178, "label": 0}
{"id": 1179, "label": 2}
{"id": 1180, "label": 3}
{"id": 1181, "label": 1}
{"id": 1182, "label": 0}
{"id": 1183, "label": 1}
{"id": 1184, "label": 2}
{"id": 1185, "label": 1}
{"id": 1186, "label": 1}
{"id": 1187, "label": 1}
{"id": 1188, "label": 1}
{"id": 1189, "label": 3}
{"id": 1190, "label": 1}
{"id": 1191, "label": 1}
{"id": 1192, "label": 1}
{"id": 1193, "label": 3}
{"id": 1194, "label": 1}
{"id": 1195, "label": 0}
{"id": 1196, "label": 0}
{"id": 1197, "label": 1}
{"id": 1198, "label": 2}
{"id": 1199, "label": 1}
{"id": 1200, "label": 2}
{"id": 1201, "label": 0}
{"id": 1202, "label": 0}
{"id": 1203, "label": 2}
{"id": 1204, "label": 2}
{"id": 1205, "label": 2}
{"id": 1206, "label": 1}
{"id": 1207, "label": 1}
{"id": 1208, "label": 3}
{"id": 1209, "label": 3}
{"id": 1210, "label": 2}
{"id": 1211, "label": 2}
{"id": 1212, "label": 1}
{"id": 1213, "label": 3}
{"id": 1214, "label": 1}
{"id": 1215, "label": 0}
{"id": 1216, "label": 3}
{"id": 1217, "label": 1}
{"id": 1218, "label": 2}
{"id": 1219, "label": 2}
{"id": 1220, "label": 2}
{"id": 1221, "label": 2}
{"id": 1222, "label": 1}
{"id": 1223, "label": 1}
{"id": 1224, "label": 0}
{"id": 1225, "label": 3}
{"id": 1226, "label": 2}
{"id": 1227, "label": 2}
{"id": 1228, "label": 3}
{"id": 1229, "label": 2}
{"id": 1230, "label": 3}
{"id": 1231, "label": 2}
{"id": 1232, "label": 1}
{"id": 1233, "label": 3}
{"id": 1234, "label": 2}
{"id": 1235, "label": 3}
{"id": 1236, "label": 0}
{"id": 1237, "label": 1}
{"id": 1238, "label": 3}
{"id": 1239, "label": 2}
{"id": 1240, "label": 0}
{"id": 1241, "label": 2}
{"id": 1242, "label": 0}
{"id": 1243, "label": 2}
{"id": 1244, "label": 0}
{"id": 1245, "label": 3}
{"id": 1246, "label": 3}
{"id": 1247, "label": 0}
{"id": 1248, "label": 3}
{"id": 1249, "label": 1}
{"id": 1250, "label": 3}
{"id": 1251, "label": 1}
{"id": 1252, "label": 2}
{"id": 1253, "label": 3}
{"id": 1254, "label": 1}
{"id": 1255, "label": 2}
{"id": 1256, "label": 0}
{"id": 1257, "label": 1}
{"id": 1258, "label": 3}
{"id": 1259, "label": 1}
{"id": 1260, "label": 1}
{"id": 1261, "label": 3}
{"id": 1262, "label": 0}
{"id": 1263, "label": 3}
{"id": 1264, "label": 1}
{"id": 1265, "label": 0}
{"id": 1266, "label": 1}
{"id": 1267, "label": 0}
{"id": 1268, "label": 2}
{"id": 1269, "label": 0}
{"id": 1270, "label": 2}
{"id": 1271, "label": 0}
{"id": 1272, "label": 1}
{"id": 1273, "label": 0}
{"id": 1274, "label": 3}
{"id": 1275, "label": 0}
{"id": 1276, "label": 2}
{"id": 1277, "label": 0}
{"id": 1278, "label": 3}
{"id": 1279, "label": 3}
{"id": 1280, "label": 3}
{"id": 1281, "label": 0}
{"id": 1282, "label": 2}
{"id": 1283, "label": 0}
{"id": 1284, "label": 3}
{"id": 1285, "label": 3}
{"id": 1286, "label": 2}
{"id": 1287, "label": 2}
{"id": 1288, "label": 1}
{"id": 1289, "label": 1}
{"id": 1290, "label": 1}
{"id": 1291, "label": 1}
{"id": 1292, "label": 0}
{"id": 1293, "label": 1}
{"id": 1294, "label": 0}
{"id": 1295, "label": 3}
{"id": 1296, "label": 1}
{"id": 1297, "label": 2}
{"id": 1298, "label": 0}
{"id": 1299, "label": 2}
{"id": 1300, "label": 0}
{"id": 1301, "label": 0}
{"id": 1302, "label": 0}
{"id": 1303, "label": 0}
{"id": 1304, "label": 2}
{"id": 1305, "label": 0}
{"id": 1306, "label": 3}
{"id": 1307, "label": 0}
{"id": 1308, "label": 1}
{"id": 1309, "label": 1}
{"id": 1310, "label": 3}
{"id": 1311, "label": 2}
{"id": 1312, "label": 3}
{"id": 1313, "label": 1}
{"id": 1314, "label": 3}
{"id": 1315, "label": 2}
{"id": 1316, "label": 2}
{"id": 1317, "label": 1}
{"id": 1318, "label": 1}
{"id": 1319, "label": 2}
{"id": 1320, "label": 0}
{"id": 1321, "label": 0}
{"id": 1322, "label": 3}
{"id": 1323, "label": 2}
{"id": 1324, "label": 0}
{"id": 1325, "label": 1}
{"id": 1326, "label": 0}
{"id": 1327, "label": 1}
{"id": 1328, "label": 0}
{"id": 1329, "label": 1}
{"id": 1330, "label": 3}
{"id": 1331, "label": 1}
{"id": 1332, "label": 2}
{"id": 1333, "label": 1}
{"id": 1334, "label": 2}
{"id": 1335, "label": 2}
{"id": 1336, "label": 3}
{"id": 1337, "label": 2}
{"id": 1338, "label": 1}
{"id": 1339, "label": 0}
{"id": 1340, "label": 1}
{"id": 1341, "label": 3}
{"id": 1342, "label": 3}
{"id": 1343, "label": 0}
{"id": 1344, "label": 0}
{"id": 1345, "label": 2}
{"id": 1346, "label": 3}
{"id": 1347, "label": 3}
{"id": 1348, "label": 0}
{"id": 1349, "label": 2}
{"id": 1350, "label": 3}
{"id": 1351, "label": 3}
{"id": 1352, "label": 0}
{"id": 1353, "label": 3}
{"id": 1354, "label": 0}
{"id": 1355, "label": 1}
{"id": 1356, "label": 1}
{"id": 1357, "label": 0}
{"id": 1358, "label": 3}
{"id": 1359, "label": 2}
{"id": 1360, "label": 3}
{"id": 1361, "label": 2}
{"id": 1362, "label": 2}
{"id": 1363, "label": 0}
{"id": 1364, "label": 0}
{"id": 1365, "label": 2}
{"id": 1366, "label": 0}
{"id": 1367, "label": 0}
{"id": 1368, "label": 3}
{"id": 1369, "label": 3}
{"id": 1370, "label": 0}
{"id": 1371, "label": 2}
{"id": 1372, "label": 0}
{"id": 1373, "label": 2}
{"id": 1374, "label": 3}
{"id": 1375, "label": 1}
{"id": 1376, "label": 1}
{"id": 1377, "label": 0}
{"id": 1378, "label": 1}
{"id": 1379, "label": 1}
{"id": 1380, "label": 3}
{"id": 1381, "label": 1}
{"id": 1382, "label": 0}
{"id": 1383, "label": 2}
{"id": 1384, "label": 1}
{"id": 1385, "label": 0}
{"id": 1386, "label": 3}
{"id": 1387, "label": 2}
{"id": 1388, "label": 2}
{"id": 1389, "label": 3}
{"id": 1390, "label": 3}
{"id": 1391, "label": 0}
{"id": 1392, "label": 1}
{"id": 1393, "label": 2}
{"id": 1394, "label": 1}
{"id": 1395, "label": 1}
{"id": 1396, "label": 1}
{"id": 1397, "label": 0}
{"id": 1398, "label": 3}
{"id": 1399, "label": 1}
{"id": 1400, "label": 3}
{"id": 1401, "label": 2}
{"id": 1402, "label": 0}
{"id": 1403, "label": 0}
{"id": 1404, "label": 3}
{"id": 1405, "label": 1}
{"id": 1406, "label": 0}
{"id": 1407, "label": 0}
{"id": 1408, "label": 1}
{"id": 1409, "label": 1}
{"id": 1410, "label": 1}
{"id": 1411, "label": 3}
{"id": 1412, "label": 2}
{"id": 1413, "label": 1}
{"id": 1414, "label": 2}
{"id": 1415, "label": 0}
{"id": 1416, "label": 3}
{"id": 1417, "label": 1}
{"id": 1418, "label": 1}
{"id": 1419, "label": 0}
{"id": 1420, "label": 3}
{"id": 1421, "label": 0}
{"id": 1422, "label": 1}
{"id": 1423, "label": 0}
{"id": 1424, "label": 1}
{"id": 1425, "label": 1}
{"id": 1426, "label": 1}
{"id": 1427, "label": 1}
{"id": 1428, "label": 3}
{"id": 1429, "label": 1}
{"id": 1430, "label": 0}
{"id": 1431, "label": 1}
{"id": 1432, "label": 2}
{"id": 1433, "label": 1}
{"id": 1434, "label": 0}
{"id": 1435, "label": 1}
{"id": 1436, "label": 0}
{"id": 1437, "label": 1}
{"id": 1438, "label": 2}
{"id": 1439, "label": 1}
{"id": 1440, "label": 3}
{"id": 1441, "label": 1}
{"id": 1442, "label": 1}
{"id": 1443, "label": 1}
{"id": 1444, "label": 2}
{"id": 1445, "label": 1}
{"id": 1446, "label": 3}
{"id": 1447, "label": 3}
{"id": 1448, "label": 0}
{"id": 1449, "label": 3}
{"id": 1450, "label": 0}
{"id": 1451, "label": 2}
{"id": 1452, "label": 1}
{"id": 1453, "label": 0}
{"id": 1454, "label": 1}
{"id": 1455, "label": 2}
{"id": 1456, "label": 0}
{"id": 1457, "label": 2}
{"id": 1458, "label": 2}
{"id": 1459, "label": 2}
{"id": 1460, "label": 3}
{"id": 1461, "label": 2}
{"id": 1462, "label": 1}
{"id": 1463, "label": 0}
{"id": 1464, "label": 1}
{"id": 1465, "label": 1}
{"id": 1466, "label": 0}
{"id": 1467, "label": 1}
{"id": 1468, "label": 1}
{"id": 1469, "label": 2}
{"id": 1470, "label": 2}
{"id": 1471, "label": 2}
{"id": 1472, "label": 1}
{"id": 1473, "label": 0}
{"id": 1474, "label": 2}
{"id": 1475, "label": 1}
{"id": 1476, "label": 0}
{"id": 1477, "label": 1}
{"id": 1478, "label": 2}
{"id": 1479, "label": 2}
{"id": 1480, "label": 2}
{"id": 1481, "label": 3}
{"id": 1482, "label": 0}
{"id": 1483, "label": 0}
{"id": 1484, "label": 2}
{"id": 1485, "label": 2}
{"id": 1486, "label": 1}
{"id": 1487, "label": 1}
{"id": 1488, "label": 3}
{"id": 1489, "label": 3}
{"id": 1490, "label": 2}
{"id": 1491, "label": 3}
{"id": 1492, "label": 0}
{"id": 1493, "label": 3}
{"id": 1494, "label": 3}
{"id": 1495, "label": 1}
{"id": 1496, "label": 2}
{"id": 1497, "label": 2}
{"id": 1498, "label": 1}
{"id": 1499, "label": 0}
{"id": 1500, "label": 0}
{"id": 1501, "label": 2}
{"id": 1502, "label": 0}
{"id": 1503, "label": 2}
{"id": 1504, "label": 1}
{"id": 1505, "label": 2}
{"id": 1506, "label": 3}
{"id": 1507, "label": 3}
{"id": 1508, "label": 3}
{"id": 1509, "label": 2}
{"id": 1510, "label": 3}
{"id": 1511, "label": 2}
{"id": 1512, "label": 3}
{"id": 1513, "label": 2}
{"id": 1514, "label": 0}
{"id": 1515, "label": 0}
{"id": 1516, "label": 2}
{"id": 1517, "label": 0}
{"id": 1518, "label": 1}
{"id": 1519, "label": 3}
{"id": 1520, "label": 3}
{"id": 1521, "label": 2}
{"id": 1522, "label": 1}
{"id": 1523, "label": 2}
{"id": 1524, "label": 3}
{"id": 1525, "label": 1}
{"id": 1526, "label": 3}
{"id": 1527, "label": 3}
{"id": 1528, "label": 3}
{"id": 1529, "label": 0}
{"id": 1530, "label": 3}
{"id": 1531, "label": 3}
{"id": 1532, "label": 2}
{"id": 1533, "label": 1}
{"id": 1534, "label": 3}
{"id": 1535, "label": 1}
{"id": 1536, "label": 1}
{"id": 1537, "label": 2}
{"id": 1538, "label": 1}
{"id": 1539, "label": 3}
{"id": 1540, "label": 3}
{"id": 1541, "label": 0}
{"id": 1542, "label": 2}
{"id": 1543, "label": 0}
{"id": 1544, "label": 0}
{"id": 1545, "label": 1}
{"id": 1546, "label": 3}
{"id": 1547, "label": 3}
{"id": 1548, "label": 3}
{"id": 1549, "label": 3}
{"id": 1550, "label": 0}
{"id": 1551, "label": 2}
{"id": 1552, "label": 2}
{"id": 1553, "label": 0}
{"id": 1554, "label": 0}
{"id": 1555, "label": 0}
{"id": 1556, "label": 3}
{"id": 1557, "label": 1}
{"id": 1558, "label": 0}
{"id": 1559, "label": 1}
{"id": 1560, "label": 2}
{"id": 1561, "label": 2}
{"id": 1562, "label": 1}
{"id": 1563, "label": 0}
{"id": 1564, "label": 1}
{"id": 1565, "label": 3}
{"id": 1566, "label": 0}
{"id": 1567, "label": 2}
{"id": 1568, "label": 3}
{"id": 1569, "label": 2}
{"id": 1570, "label": 2}
{"id": 1571, "label": 1}
{"id": 1572, "label": 1}
{"id": 1573, "label": 0}
{"id": 1574, "label": 1}
{"id": 1575, "label": 3}
{"id": 1576, "label": 0}
{"id": 1577, "label": 3}
{"id": 1578, "label": 2}
{"id": 1579, "label": 2}
{"id": 1580, "label": 2}
{"id": 1581, "label": 2}
{"id": 1582, "label": 3}
{"id": 1583, "label": 2}
{"id": 1584, "label": 3}
{"id": 1585, "label": 0}
{"id": 1586, "label": 1}
{"id": 1587, "label": 3}
{"id": 1588, "label": 0}
{"id": 1589, "label": 1}
{"id": 1590, "label": 0}
{"id": 1591, "label": 2}
{"id": 1592, "label": 0}
{"id": 1593, "label": 2}
{"id": 1594, "label": 2}
{"id": 1595, "label": 1}
{"id": 1596, "label": 1}
{"id": 1597, "label": 2}
{"id": 1598, "label": 1}
{"id": 1599, "label": 0}
{"id": 1600, "label": 2}
{"id": 1601, "label": 1}
{"id": 1602, "label": 0}
{"id": 1603, "label": 0}
{"id": 1604, "label": 3}
{"id": 1605, "label": 3}
{"id": 1606, "label": 2}
{"id": 1607, "label": 1}
{"id": 1608, "label": 1}
{"id": 1609, "label": 2}
{"id": 1610, "label": 0}
{"id": 1611, "label": 2}
{"id": 1612, "label": 2}
{"id": 1613, "label": 2}
{"id": 1614, "label": 2}
{"id": 1615, "label": 1}
{"id": 1616, "label": 1}
{"id": 1617, "label": 0}
{"id": 1618, "label": 2}
{"id": 1619, "label": 0}
{"id": 1620, "label": 1}
{"id": 1621, "label": 1}
{"id": 1622, "label": 1}
{"id": 1623, "label": 3}
{"id": 1624, "label": 3}
{"id": 1625, "label": 2}
{"id": 1626, "label": 1}
{"id": 1627, "label": 0}
{"id": 1628, "label": 3}
{"id": 1629, "label": 0}
{"id": 1630, "label": 0}
{"id": 1631, "label": 1}
{"id": 1632, "label": 0}
{"id": 1633, "label": 1}
{"id": 1634, "label": 1}
{"id": 1635, "label": 2}
{"id": 1636, "label": 2}
{"id": 1637, "label": 0}
{"id": 1638, "label": 3}
{"id": 1639, "label": 1}
{"id": 1640, "label": 1}
{"id": 1641, "label": 2}
{"id": 1642, "label": 2}
{"id": 1643, "label": 2}
{"id": 1644, "label": 3}
{"id": 1645, "label": 2}
{"id": 1646, "label": 2}
{"id": 1647, "label": 3}
{"id": 1648, "label": 0}
{"id": 1649, "label": 0}
{"id": 1650, "label": 3}
{"id": 1651, "label": 3}
{"id": 1652, "label": 2}
{"id": 1653, "label": 1}
{"id": 1654, "label": 1}
{"id": 1655, "label": 1}
{"id": 1656, "label": 1}
{"id": 1657, "label": 1}
{"id": 1658, "label": 0}
{"id": 1659, "label": 1}
{"id": 1660, "label": 0}
{"id": 1661, "label": 2}
{"id": 1662, "label": 1}
{"id": 1663, "label": 0}
{"id": 1664, "label": 2}
{"id": 1665, "label": 2}
{"id": 1666, "label": 3}
{"id": 1667, "label": 3}
{"id": 1668, "label": 2}
{"id": 1669, "label": 2}
{"id": 1670, "label": 3}
{"id": 1671, "label": 3}
{"id": 1672, "label": 2}
{"id": 1673, "label": 2}
{"id": 1674, "label": 0}
{"id": 1675, "label": 3}
{"id": 1676, "label": 3}
{"id": 1677, "label": 1}
{"id": 1678, "label": 0}
{"id": 1679, "label": 0}
{"id": 1680, "label": 0}
{"id": 1681, "label": 3}
{"id": 1682, "label": 3}
{"id": 1683, "label": 2}
{"id": 1684, "label": 3}
{"id": 1685, "label": 1}
{"id": 1686, "label": 0}
{"id": 1687, "label": 0}
{"id": 1688, "label": 0}
{"id": 1689, "label": 3}
{"id": 1690, "label": 1}
{"id": 1691, "label": 1}
{"id": 1692, "label": 0}
{"id": 1693, "label": 2}
{"id": 1694, "label": 1}
{"id": 1695, "label": 0}
{"id": 1696, "label": 1}
{"id": 1697, "label": 3}
{"id": 1698, "label": 0}
{"id": 1699, "label": 2}
{"id": 1700, "label": 1}
{"id": 1701, "label": 3}
{"id": 1702, "label": 0}
{"id": 1703, "label": 1}
{"id": 1704, "label": 2}
{"id": 1705, "label": 1}
{"id": 1706, "label": 3}
{"id": 1707, "label": 0}
{"id": 1708, "label": 0}
{"id": 1709, "label": 1}
{"id": 1710, "label": 3}
{"id": 1711, "label": 0}
{"id": 1712, "label": 1}
{"id": 1713, "label": 3}
{"id": 1714, "label": 3}
{"id": 1715, "label": 0}
{"id": 1716, "label": 2}
{"id": 1717, "label": 1}
{"id": 1718, "label": 0}
{"id": 1719, "label": 0}
{"id": 1720, "label": 0}
{"id": 1721, "label": 1}
{"id": 1722, "label": 1}
{"id": 1723, "label": 0}
{"id": 1724, "label": 1}
{"id": 1725, "label": 0}
{"id": 1726, "label": 1}
{"id": 1727, "label": 1}
{"id": 1728, "label": 1}
{"id": 1729, "label": 1}
{"id": 1730, "label": 1}
{"id": 1731, "label": 0}
{"id": 1732, "label": 1}
{"id": 1733, "label": 2}
{"id": 1734, "label": 3}
{"id": 1735, "label": 2}
{"id": 1736, "label": 1}
{"id": 1737, "label": 2}
{"id": 1738, "label": 0}
{"id": 1739, "label": 1}
{"id": 1740, "label": 1}
{"id": 1741, "label": 3}
{"id": 1742, "label": 0}
{"id": 1743, "label": 1}
{"id": 1744, "label": 3}
{"id": 1745, "label": 0}
{"id": 1746, "label": 1}
{"id": 1747, "label": 3}
{"id": 1748, "label": 0}
{"id": 1749, "label": 0}
{"id": 1750, "label": 3}
{"id": 1751, "label": 2}
{"id": 1752, "label": 2}
{"id": 1753, "label": 3}
{"id": 1754, "label": 1}
{"id": 1755, "label": 2}
{"id": 1756, "label": 1}
{"id": 1757, "label": 1}
{"id": 1758, "label": 3}
{"id": 1759, "label": 2}
{"id": 1760, "label": 1}
{"id": 1761, "label": 0}
{"id": 1762, "label": 2}
{"id": 1763, "label": 0}
{"id": 1764, "label": 1}
{"id": 1765, "label": 1}
{"id": 1766, "label": 0}
{"id": 1767, "label": 1}
{"id": 1768, "label": 3}
{"id": 1769, "label": 1}
{"id": 1770, "label": 1}
{"id": 1771, "label": 3}
{"id": 1772, "label": 1}
{"id": 1773, "label": 0}
{"id": 1774, "label": 0}
{"id": 1775, "label": 3}
{"id": 1776, "label": 2}
{"id": 1777, "label": 0}
{"id": 1778, "label": 2}
{"id": 1779, "label": 1}
{"id": 1780, "label": 2}
{"id": 1781, "label": 2}
{"id": 1782, "label": 1}
{"id": 1783, "label": 1}
{"id": 1784, "label": 1}
{"id": 1785, "label": 3}
{"id": 1786, "label": 3}
{"id": 1787, "label": 2}
{"id": 1788, "label": 0}
{"id": 1789, "label": 2}
{"id": 1790, "label": 2}
{"id": 1791, "label": 1}
{"id": 1792, "label": 1}
{"id": 1793, "label": 1}
{"id": 1794, "label": 2}
{"id": 1795, "label": 1}
{"id": 1796, "label": 0}
{"id": 1797, "label": 0}
{"id": 1798, "label": 0}
{"id": 1799, "label": 1}
{"id": 1800, "label": 0}
{"id": 1801, "label": 1}
{"id": 1802, "label": 1}
{"id": 1803, "label": 2}
{"id": 1804, "label": 1}
{"id": 1805, "label": 0}
{"id": 1806, "label": 0}
{"id": 1807, "label": 1}
{"id": 1808, "label": 3}
{"id": 1809, "label": 2}
{"id": 1810, "label": 2}
{"id": 1811, "label": 3}
{"id": 1812, "label": 0}
{"id": 1813, "label": 0}
{"id": 1814, "label": 3}
{"id": 1815, "label": 1}
{"id": 1816, "label": 1}
{"id": 1817, "label": 0}
{"id": 1818, "label": 1}
{"id": 1819, "label": 2}
{"id": 1820, "label": 0}
{"id": 1821, "label": 3}
{"id": 1822, "label": 0}
{"id": 1823, "label": 2}
{"id": 1824, "label": 0}
{"id": 1825, "label": 1}
{"id": 1826, "label": 1}
{"id": 1827, "label": 1}
{"id": 1828, "label": 1}
{"id": 1829, "label": 2}
{"id": 1830, "label": 0}
{"id": 1831, "label": 3}
{"id": 1832, "label": 0}
{"id": 1833, "label": 0}
{"id": 1834, "label": 2}
{"id": 1835, "label": 1}
{"id": 1836, "label": 3}
{"id": 1837, "label": 0}
{"id": 1838, "label": 0}
{"id": 1839, "label": 1}
{"id": 1840, "label": 1}
{"id": 1841, "label": 3}
{"id": 1842, "label": 3}
{"id": 1843, "label": 3}
{"id": 1844, "label": 3}
{"id": 1845, "label": 3}
{"id": 1846, "label": 0}
{"id": 1847, "label": 3}
{"id": 1848, "label": 1}
{"id": 1849, "label": 0}
{"id": 1850, "label": 2}
{"id": 1851, "label": 1}
{"id": 1852, "label": 2}
{"id": 1853, "label": 2}
{"id": 1854, "label": 0}
{"id": 1855, "label": 1}
{"id": 1856, "label": 2}
{"id": 1857, "label": 1}
{"id": 1858, "label": 2}
{"id": 1859, "label": 3}
{"id": 1860, "label": 0}
{"id": 1861, "label": 1}
{"id": 1862, "label": 3}
{"id": 1863, "label": 1}
{"id": 1864, "label": 1}
{"id": 1865, "label": 1}
{"id": 1866, "label": 0}
{"id": 1867, "label": 2}
{"id": 1868, "label": 1}
{"id": 1869, "label": 3}
{"id": 1870, "label": 2}
{"id": 1871, "label": 1}
{"id": 1872, "label": 3}
{"id": 1873, "label": 3}
{"id": 1874, "label": 1}
{"id": 1875, "label": 1}
{"id": 1876, "label": 1}
{"id": 1877, "label": 1}
{"id": 1878, "label": 1}
{"id": 1879, "label": 0}
{"id": 1880, "label": 2}
{"id": 1881, "label": 1}
{"id": 1882, "label": 2}
{"id": 1883, "label": 0}
{"id": 1884, "label": 2}
{"id": 1885, "label": 2}
{"id": 1886, "label": 3}
{"id": 1887, "label": 0}
{"id": 1888, "label": 2}
{"id": 1889, "label": 1}
{"id": 1890, "label": 3}
{"id": 1891, "label": 3}
{"id": 1892, "label": 0}
{"id": 1893, "label": 0}
{"id": 1894, "label": 1}
{"id": 1895, "label": 3}
{"id": 1896, "label": 2}
{"id": 1897, "label": 0}
{"id": 1898, "label": 0}
{"id": 1899, "label": 3}
{"id": 1900, "label": 3}
{"id": 1901, "label": 3}
{"id": 1902, "label": 2}
{"id": 1903, "label": 2}
{"id": 1904, "label": 1}
{"id": 1905, "label": 0}
{"id": 1906, "label": 2}
{"id": 1907, "label": 2}
{"id": 1908, "label": 2}
{"id": 1909, "label": 0}
{"id": 1910, "label": 2}
{"id": 1911, "label": 3}
{"id": 1912, "label": 3}
{"id": 1913, "label": 1}
{"id": 1914, "label": 3}
{"id": 1915, "label": 1}
{"id": 1916, "label": 3}
{"id": 1917, "label": 3}
{"id": 1918, "label": 2}
{"id": 1919, "label": 0}
{"id": 1920, "label": 3}
{"id": 1921, "label": 1}
{"id": 1922, "label": 1}
{"id": 1923, "label": 0}
{"id": 1924, "label": 1}
{"id": 1925, "label": 2}
{"id": 1926, "label": 3}
{"id": 1927, "label": 3}
{"id": 1928, "label": 2}
{"id": 1929, "label": 1}
{"id": 1930, "label": 3}
{"id": 1931, "label": 0}
{"id": 1932, "label": 3}
{"id": 1933, "label": 1}
{"id": 1934, "label": 0}
{"id": 1935, "label": 0}
{"id": 1936, "label": 0}
{"id": 1937, "label": 0}
{"id": 1938, "label": 2}
{"id": 1939, "label": 3}
{"id": 1940, "label": 0}
{"id": 1941, "label": 1}
{"id": 1942, "label": 1}
{"id": 1943, "label": 1}
{"id": 1944, "label": 0}
{"id": 1945, "label": 1}
{"id": 1946, "label": 2}
{"id": 1947, "label": 2}
{"id": 1948, "label": 0}
{"id": 1949, "label": 1}
{"id": 1950, "label": 0}
{"id": 1951, "label": 1}
{"id": 1952, "label": 2}
{"id": 1953, "label": 1}
{"id": 1954, "label": 0}
{"id": 1955, "label": 2}
{"id": 1956, "label": 3}
{"id": 1957, "label": 3}
{"id": 1958, "label": 2}
{"id": 1959, "label": 1}
{"id": 1960, "label": 0}
{"id": 1961, "label": 1}
{"id": 1962, "label": 1}
{"id": 1963, "label": 1}
{"id": 1964, "label": 2}
{"id": 1965, "label": 0}
{"id": 1966, "label": 2}
{"id": 1967, "label": 1}
{"id": 1968, "label": 2}
{"id": 1969, "label": 0}
{"id": 1970, "label": 1}
{"id": 1971, "label": 0}
{"id": 1972, "label": 2}
{"id": 1973, "label": 0}
{"id": 1974, "label": 1}
{"id": 1975, "label": 0}
{"id": 1976, "label": 3}
{"id": 1977, "label": 2}
{"id": 1978, "label": 1}
{"id": 1979, "label": 3}
{"id": 1980, "label": 1}
{"id": 1981, "label": 3}
{"id": 1982, "label": 0}
{"id": 1983, "label": 2}
{"id": 1984, "label": 2}
{"id": 1985, "label": 2}
{"id": 1986, "label": 1}
{"id": 1987, "label": 3}
{"id": 1988, "label": 3}
{"id": 1989, "label": 1}
{"id": 1990, "label": 3}
{"id": 1991, "label": 1}
{"id": 1992, "label": 0}
{"id": 1993, "label": 3}
{"id": 1994, "label": 3}
{"id": 1995, "label": 2}
{"id": 1996, "label": 1}
{"id": 1997, "label": 2}
{"id": 1998, "label": 3}
{"id": 1999, "label": 1}
{"id": 2000, "label": 3}
{"id": 2001, "label": 0}
{"id": 2002, "label": 1}
{"id": 2003, "label": 1}
{"id": 2004, "label": 0}
{"id": 2005, "label": 3}
{"id": 2006, "label": 2}
{"id": 2007, "label": 0}
{"id": 2008, "label": 3}
{"id": 2009, "label": 2}
{"id": 2010, "label": 1}
{"id": 2011, "label": 2}
{"id": 2012, "label": 2}
{"id": 2013, "label": 0}
{"id": 2014, "label": 2}
{"id": 2015, "label": 0}
{"id": 2016, "label": 3}
{"id": 2017, "label": 3}
{"id": 2018, "label": 2}
{"id": 2019, "label": 1}
{"id": 2020, "label": 2}
{"id": 2021, "label": 3}
{"id": 2022, "label": 0}
{"id": 2023, "label": 2}
{"id": 2024, "label": 1}
{"id": 2025, "label": 2}
{"id": 2026, "label": 3}
{"id": 2027, "label": 0}
{"id": 2028, "label": 2}
{"id": 2029, "label": 2}
{"id": 2030, "label": 0}
{"id": 2031, "label": 0}
{"id": 2032, "label": 1}
{"id": 2033, "label": 0}
{"id": 2034, "label": 3}
{"id": 2035, "label": 1}
{"id": 2036, "label": 2}
{"id": 2037, "label": 0}
{"id": 2038, "label": 2}
{"id": 2039, "label": 1}
{"id": 2040, "label": 1}
{"id": 2041, "label": 2}
{"id": 2042, "label": 3}
{"id": 2043, "label": 2}
{"id": 2044, "label": 0}
{"id": 2045, "label": 2}
{"id": 2046, "label": 0}
{"id": 2047, "label": 2}
{"id": 2048, "label": 2}
{"id": 2049, "label": 3}
{"id": 2050, "label": 2}
{"id": 2051, "label": 0}
{"id": 2052, "label": 1}
{"id": 2053, "label": 3}
{"id": 2054, "label": 1}
{"id": 2055, "label": 3}
{"id": 2056, "label": 0}
{"id": 2057, "label": 1}
{"id": 2058, "label": 0}
{"id": 2059, "label": 3}
{"id": 2060, "label": 3}
{"id": 2061, "label": 3}
{"id": 2062, "label": 0}
{"id": 2063, "label": 2}
{"id": 2064, "label": 1}
{"id": 2065, "label": 3}
{"id": 2066, "label": 1}
{"id": 2067, "label": 2}
{"id": 2068, "label": 2}
{"id": 2069, "label": 1}
{"id": 2070, "label": 1}
{"id": 2071, "label": 2}
{"id": 2072, "label": 0}
{"id": 2073, "label": 0}
{"id": 2074, "label": 2}
{"id": 2075, "label": 0}
{"id": 2076, "label": 0}
{"id": 2077, "label": 2}
{"id": 2078, "label": 3}
{"id": 2079, "label": 2}
{"id": 2080, "label": 1}
{"id": 2081, "label": 1}
{"id": 2082, "label": 2}
{"id": 2083, "label": 1}
{"id": 2084, "label": 2}
{"id": 2085, "label": 0}
{"id": 2086, "label": 1}
{"id": 2087, "label": 2}
{"id": 2088, "label": 2}
{"id": 2089, "label": 2}
{"id": 2090, "label": 3}
{"id": 2091, "label": 2}
{"id": 2092, "label": 2}
{"id": 2093, "label": 3}
{"id": 2094, "label": 1}
{"id": 2095, "label": 1}
{"id": 2096, "label": 2}
{"id": 2097, "label": 1}
{"id": 2098, "label": 1}
{"id": 2099, "label": 2}
{"id": 2100, "label": 3}
{"id": 2101, "label": 1}
{"id": 2102, "label": 3}
{"id": 2103, "label": 2}
{"id": 2104, "label": 1}
{"id": 2105, "label": 2}
{"id": 2106, "label": 3}
{"id": 2107, "label": 1}
{"id": 2108, "label": 1}
{"id": 2109, "label": 2}
{"id": 2110, "label": 2}
{"id": 2111, "label": 0}
{"id": 2112, "label": 0}
{"id": 2113, "label": 3}
{"id": 2114, "label": 0}
{"id": 2115, "label": 0}
{"id": 2116, "label": 2}
{"id": 2117, "label": 0}
{"id": 2118, "label": 2}
{"id": 2119, "label": 0}
{"id": 2120, "label": 1}
{"id": 2121, "label": 1}
{"id": 2122, "label": 2}
{"id": 2123, "label": 3}
{"id": 2124, "label": 0}
{"id": 2125, "label": 1}
{"id": 2126, "label": 0}
{"id": 2127, "label": 2}
{"id": 2128, "label": 1}
{"id": 2129, "label": 0}
{"id": 2130, "label": 3}
{"id": 2131, "label": 0}
{"id": 2132, "label": 2}
{"id": 2133, "label": 2}
{"id": 2134, "label": 0}
{"id": 2135, "label": 1}
{"id": 2136, "label": 1}
{"id": 2137, "label": 2}
{"id": 2138, "label": 3}
{"id": 2139, "label": 3}
{"id": 2140, "label": 0}
{"id": 2141, "label": 3}
{"id": 2142, "label": 2}
{"id": 2143, "label": 0}
{"id": 2144, "label": 1}
{"id": 2145, "label": 2}
{"id": 2146, "label": 3}
{"id": 2147, "label": 1}
{"id": 2148, "label": 3}
{"id": 2149, "label": 0}
{"id": 2150, "label": 1}
{"id": 2151, "label": 1}
{"id": 2152, "label": 2}
{"id": 2153, "label": 3}
{"id": 2154, "label": 2}
{"id": 2155, "label": 3}
{"id": 2156, "label": 2}
{"id": 2157, "label": 1}
{"id": 2158, "label": 3}
{"id": 2159, "label": 2}
{"id": 2160, "label": 2}
{"id": 2161, "label": 2}
{"id": 2162, "label": 0}
{"id": 2163, "label": 0}
{"id": 2164, "label": 2}
{"id": 2165, "label": 2}
{"id": 2166, "label": 0}
{"id": 2167, "label": 2}
{"id": 2168, "label": 0}
{"id": 2169, "label": 2}
{"id": 2170, "label": 1}
{"id": 2171, "label": 3}
{"id": 2172, "label": 2}
{"id": 2173, "label": 1}
{"id": 2174, "label": 2}
{"id": 2175, "label": 2}
{"id": 2176, "label": 3}
{"id": 2177, "label": 1}
{"id": 2178, "label": 0}
{"id": 2179, "label": 2}
{"id": 2180, "label": 0}
{"id": 2181, "label": 2}
{"id": 2182, "label": 2}
{"id": 2183, "label": 3}
{"id": 2184, "label": 2}
{"id": 2185, "label": 0}
{"id": 2186, "label": 0}
{"id": 2187, "label": 2}
{"id": 2188, "label": 3}
{"id": 2189, "label": 1}
{"id": 2190, "label": 3}
{"id": 2191, "label": 2}
{"id": 2192, "label": 0}
{"id": 2193, "label": 1}
{"id": 2194, "label": 0}
{"id": 2195, "label": 3}
{"id": 2196, "label": 1}
{"id": 2197, "label": 3}
{"id": 2198, "label": 0}
{"id": 2199, "label": 0}
{"id": 2200, "label": 3}
{"id": 2201, "label": 2}
{"id": 2202, "label": 1}
{"id": 2203, "label": 0}
{"id": 2204, "label": 1}
{"id": 2205, "label": 0}
{"id": 2206, "label": 0}
{"id": 2207, "label": 0}
{"id": 2208, "label": 3}
{"id": 2209, "label": 0}
{"id": 2210, "label": 2}
{"id": 2211, "label": 2}
{"id": 2212, "label": 1}
{"id": 2213, "label": 0}
{"id": 2214, "label": 0}
{"id": 2215, "label": 3}
{"id": 2216, "label": 0}
{"id": 2217, "label": 3}
{"id": 2218, "label": 0}
{"id": 2219, "label": 0}
{"id": 2220, "label": 2}
{"id": 2221, "label": 0}
{"id": 2222, "label": 1}
{"id": 2223, "label": 2}
{"id": 2224, "label": 2}
{"id": 2225, "label": 2}
{"id": 2226, "label": 0}
{"id": 2227, "label": 3}
{"id": 2228, "label": 1}
{"id": 2229, "label": 3}
{"id": 2230, "label": 1}
{"id": 2231, "label": 2}
{"id": 2232, "label": 0}
{"id": 2233, "label": 3}
{"id": 2234, "label": 1}
{"id": 2235, "label": 1}
{"id": 2236, "label": 3}
{"id": 2237, "label": 3}
{"id": 2238, "label": 1}
{"id": 2239, "label": 1}
{"id": 2240, "label": 2}
{"id": 2241, "label": 0}
{"id": 2242, "label": 3}
{"id": 2243, "label": 0}
{"id": 2244, "label": 2}
{"id": 2245, "label": 2}
{"id": 2246, "label": 0}
{"id": 2247, "label": 2}
{"id": 2248, "label": 1}
{"id": 2249, "label": 1}
{"id": 2250, "label": 1}
{"id": 2251, "label": 1}
{"id": 2252, "label": 1}
{"id": 2253, "label": 2}
{"id": 2254, "label": 3}
{"id": 2255, "label": 2}
{"id": 2256, "label": 3}
{"id": 2257, "label": 1}
{"id": 2258, "label": 3}
{"id": 2259, "label": 3}
{"id": 2260, "label": 0}
{"id": 2261, "label": 0}
{"id": 2262, "label": 2}
{"id": 2263, "label": 0}
{"id": 2264, "label": 3}
{"id": 2265, "label": 2}
{"id": 2266, "label": 3}
{"id": 2267, "label": 1}
{"id": 2268, "label": 2}
{"id": 2269, "label": 0}
{"id": 2270, "label": 2}
{"id": 2271, "label": 2}
{"id": 2272, "label": 0}
{"id": 2273, "label": 3}
{"id": 2274, "label": 1}
{"id": 2275, "label": 0}
{"id": 2276, "label": 0}
{"id": 2277, "label": 3}
{"id": 2278, "label": 0}
{"id": 2279, "label": 2}
{"id": 2280, "label": 0}
{"id": 2281, "label": 0}
{"id": 2282, "label": 0}
{"id": 2283, "label": 2}
{"id": 2284, "label": 0}
{"id": 2285, "label": 1}
{"id": 2286, "label": 0}
{"id": 2287, "label": 2}
{"id": 2288, "label": 1}
{"id": 2289, "label": 3}
{"id": 2290, "label": 3}
{"id": 2291, "label": 1}
{"id": 2292, "label": 0}
{"id": 2293, "label": 2}
{"id": 2294, "label": 1}
{"id": 2295, "label": 2}
{"id": 2296, "label": 0}
{"id": 2297, "label": 0}
{"id": 2298, "label": 0}
{"id": 2299, "label": 1}
{"id": 2300, "label": 0}
{"id": 2301, "label": 0}
{"id": 2302, "label": 2}
{"id": 2303, "label": 0}
{"id": 2304, "label": 0}
{"id": 2305, "label": 1}
{"id": 2306, "label": 3}
{"id": 2307, "label": 1}
{"id": 2308, "label": 1}
{"id": 2309, "label": 1}
{"id": 2310, "label": 3}
{"id": 2311, "label": 3}
{"id": 2312, "label": 0}
{"id": 2313, "label": 3}
{"id": 2314, "label": 3}
{"id": 2315, "label": 0}
{"id": 2316, "label": 2}
{"id": 2317, "label": 0}
{"id": 2318, "label": 2}
{"id": 2319, "label": 3}
{"id": 2320, "label": 2}
{"id": 2321, "label": 2}
{"id": 2322, "label": 2}
{"id": 2323, "label": 3}
{"id": 2324, "label": 1}
{"id": 2325, "label": 2}
{"id": 2326, "label": 0}
{"id": 2327, "label": 2}
{"id": 2328, "label": 0}
{"id": 2329, "label": 1}
{"id": 2330, "label": 0}
{"id": 2331, "label": 2}
{"id": 2332, "label": 2}
{"id": 2333, "label": 3}
{"id": 2334, "label": 2}
{"id": 2335, "label": 2}
{"id": 2336, "label": 0}
{"id": 2337, "label": 1}
{"id": 2338, "label": 2}
{"id": 2339, "label": 3}
{"id": 2340, "label": 1}
{"id": 2341, "label": 2}
{"id": 2342, "label": 0}
{"id": 2343, "label": 1}
{"id": 2344, "label": 0}
{"id": 2345, "label": 1}
{"id": 2346, "label": 2}
{"id": 2347, "label": 1}
{"id": 2348, "label": 1}
{"id": 2349, "label": 2}
{"id": 2350, "label": 1}
{"id": 2351, "label": 1}
{"id": 2352, "label": 1}
{"id": 2353, "label": 0}
{"id": 2354, "label": 1}
{"id": 2355, "label": 2}
{"id": 2356, "label": 1}
{"id": 2357, "label": 1}
{"id": 2358, "label": 0}
{"id": 2359, "label": 1}
{"id": 2360, "label": 1}
{"id": 2361, "label": 0}
{"id": 2362, "label": 1}
{"id": 2363, "label": 3}
{"id": 2364, "label": 3}
{"id": 2365, "label": 0}
{"id": 2366, "label": 2}
{"id": 2367, "label": 2}
{"id": 2368, "label": 1}
{"id": 2369, "label": 2}
{"id": 2370, "label": 2}
{"id": 2371, "label": 3}
{"id": 2372, "label": 3}
{"id": 2373, "label": 1}
{"id": 2374, "label": 3}
{"id": 2375, "label": 0}
{"id": 2376, "label": 2}
{"id": 2377, "label": 2}
{"id": 2378, "label": 1}
{"id": 2379, "label": 2}
{"id": 2380, "label": 3}
{"id": 2381, "label": 2}
{"id": 2382, "label": 3}
{"id": 2383, "label": 1}
{"id": 2384, "label": 2}
{"id": 2385, "label": 2}
{"id": 2386, "label": 1}
{"id": 2387, "label": 2}
{"id": 2388, "label": 2}
{"id": 2389, "label": 0}
{"id": 2390, "label": 1}
{"id": 2391, "label": 0}
{"id": 2392, "label": 2}
{"id": 2393, "label": 2}
{"id": 2394, "label": 2}
{"id": 2395, "label": 0}
{"id": 2396, "label": 3}
{"id": 2397, "label": 3}
{"id": 2398, "label": 0}
{"id": 2399, "label": 1}
{"id": 2400, "label": 0}
{"id": 2401, "label": 2}
{"id": 2402, "label": 3}
{"id": 2403, "label": 0}
{"id": 2404, "label": 1}
{"id": 2405, "label": 1}
{"id": 2406, "label": 3}
{"id": 2407, "label": 3}
{"id": 2408, "label": 0}
{"id": 2409, "label": 0}
{"id": 2410, "label": 0}
{"id": 2411, "label": 0}
{"id": 2412, "label": 0}
{"id": 2413, "label": 2}
{"id": 2414, "label": 0}
{"id": 2415, "label": 0}
{"id": 2416, "label": 3}
{"id": 2417, "label": 0}
{"id": 2418, "label": 1}
{"id": 2419, "label": 3}
{"id": 2420, "label": 2}
{"id": 2421, "label": 1}
{"id": 2422, "label": 0}
{"id": 2423, "label": 1}
{"id": 2424, "label": 3}
{"id": 2425, "label": 2}
{"id": 2426, "label": 3}
{"id": 2427, "label": 3}
{"id": 2428, "label": 2}
{"id": 2429, "label": 0}
{"id": 2430, "label": 0}
{"id": 2431, "label": 2}
{"id": 2432, "label": 1}
{"id": 2433, "label": 0}
{"id": 2434, "label": 3}
{"id": 2435, "label": 0}
{"id": 2436, "label": 0}
{"id": 2437, "label": 1}
{"id": 2438, "label": 0}
{"id": 2439, "label": 2}
{"id": 2440, "label": 0}
{"id": 2441, "label": 3}
{"id": 2442, "label": 1}
{"id": 2443, "label": 2}
{"id": 2444, "label": 0}
{"id": 2445, "label": 0}
{"id": 2446, "label": 1}
{"id": 2447, "label": 0}
{"id": 2448, "label": 1}
{"id": 2449, "label": 3}
{"id": 2450, "label": 1}
{"id": 2451, "label": 1}
{"id": 2452, "label": 2}
{"id": 2453, "label": 0}
{"id": 2454, "label": 2}
{"id": 2455, "label": 2}
{"id": 2456, "label": 0}
{"id": 2457, "label": 1}
{"id": 2458, "label": 2}
{"id": 2459, "label": 3}
{"id": 2460, "label": 0}
{"id": 2461, "label": 3}
{"id": 2462, "label": 3}
{"id": 2463, "label": 0}
{"id": 2464, "label": 2}
{"id": 2465, "label": 0}
{"id": 2466, "label": 1}
{"id": 2467, "label": 1}
{"id": 2468, "label": 3}
{"id": 2469, "label": 0}
{"id": 2470, "label": 2}
{"id": 2471, "label": 2}
{"id": 2472, "label": 3}
{"id": 2473, "label": 2}
{"id": 2474, "label": 2}
{"id": 2475, "label": 1}
{"id": 2476, "label": 0}
{"id": 2477, "label": 1}
{"id": 2478, "label": 3}
{"id": 2479, "label": 3}
{"id": 2480, "label": 1}
{"id": 2481, "label": 0}
{"id": 2482, "label": 2}
{"id": 2483, "label": 0}
{"id": 2484, "label": 2}
{"id": 2485, "label": 1}
{"id": 2486, "label": 0}
{"id": 2487, "label": 1}
{"id": 2488, "label": 0}
{"id": 2489, "label": 0}
{"id": 2490, "label": 2}
{"id": 2491, "label": 2}
{"id": 2492, "label": 0}
{"id": 2493, "label": 2}
{"id": 2494, "label": 3}
{"id": 2495, "label": 3}
{"id": 2496, "label": 0}
{"id": 2497, "label": 0}
{"id": 2498, "label": 2}
{"id": 2499, "label": 1}
{"id": 2500, "label": 0}
{"id": 2501, "label": 0}
{"id": 2502, "label": 2}
{"id": 2503, "label": 0}
{"id": 2504, "label": 2}
{"id": 2505, "label": 1}
{"id": 2506, "label": 0}
{"id": 2507, "label": 1}
{"id": 2508, "label": 1}
{"id": 2509, "label": 2}
{"id": 2510, "label": 1}
{"id": 2511, "label": 2}
{"id": 2512, "label": 2}
{"id": 2513, "label": 1}
{"id": 2514, "label": 2}
{"id": 2515, "label": 0}
{"id": 2516, "label": 3}
{"id": 2517, "label": 2}
{"id": 2518, "label": 1}
{"id": 2519, "label": 3}
{"id": 2520, "label": 1}
{"id": 2521, "label": 2}
{"id": 2522, "label": 1}
{"id": 2523, "label": 3}
{"id": 2524, "label": 2}
{"id": 2525, "label": 0}
{"id": 2526, "label": 2}
{"id": 2527, "label": 0}
{"id": 2528, "label": 3}
{"id": 2529, "label": 1}
{"id": 2530, "label": 2}
{"id": 2531, "label": 0}
{"id": 2532, "label": 0}
{"id": 2533, "label": 2}
{"id": 2534, "label": 0}
{"id": 2535, "label": 0}
{"id": 2536, "label": 0}
{"id": 2537, "label": 1}
{"id": 2538, "label": 3}
{"id": 2539, "label": 1}
{"id": 2540, "label": 1}
{"id": 2541, "label": 1}
{"id": 2542, "label": 1}
{"id": 2543, "label": 0}
{"id": 2544, "label": 1}
{"id": 2545, "label": 2}
{"id": 2546, "label": 0}
{"id": 2547, "label": 0}
{"id": 2548, "label": 0}
{"id": 2549, "label": 3}
{"id": 2550, "label": 0}
{"id": 2551, "label": 2}
{"id": 2552, "label": 2}
{"id": 2553, "label": 1}
{"id": 2554, "label": 3}
{"id": 2555, "label": 0}
{"id": 2556, "label": 2}
{"id": 2557, "label": 1}
{"id": 2558, "label": 1}
{"id": 2559, "label": 1}
{"id": 2560, "label": 3}
{"id": 2561, "label": 0}
{"id": 2562, "label": 0}
{"id": 2563, "label": 2}
{"id": 2564, "label": 1}
{"id": 2565, "label": 2}
{"id": 2566, "label": 3}
{"id": 2567, "label": 3}
{"id": 2568, "label": 0}
{"id": 2569, "label": 1}
{"id": 2570, "label": 3}
{"id": 2571, "label": 3}
{"id": 2572, "label": 2}
{"id": 2573, "label": 1}
{"id": 2574, "label": 2}
{"id": 2575, "label": 0}
{"id": 2576, "label": 3}
{"id": 2577, "label": 0}
{"id": 2578, "label": 2}
{"id": 2579, "label": 3}
{"id": 2580, "label": 2}
{"id": 2581, "label": 2}
{"id": 2582, "label": 1}
{"id": 2583, "label": 2}
{"id": 2584, "label": 1}
{"id": 2585, "label": 2}
{"id": 2586, "label": 2}
{"id": 2587, "label": 2}
{"id": 2588, "label": 3}
{"id": 2589, "label": 0}
{"id": 2590, "label": 3}
{"id": 2591, "label": 1}
{"id": 2592, "label": 3}
{"id": 2593, "label": 2}
{"id": 2594, "label": 2}
{"id": 2595, "label": 0}
{"id": 2596, "label": 0}
{"id": 2597, "label": 0}
{"id": 2598, "label": 1}
{"id": 2599, "label": 0}
{"id": 2600, "label": 3}
{"id": 2601, "label": 2}
{"id": 2602, "label": 3}
{"id": 2603, "label": 0}
{"id": 2604, "label": 2}
{"id": 2605, "label": 2}
{"id": 2606, "label": 2}
{"id": 2607, "label": 2}
{"id": 2608, "label": 0}
{"id": 2609, "label": 2}
{"id": 2610, "label": 0}
{"id": 2611, "label": 1}
{"id": 2612, "label": 1}
{"id": 2613, "label": 2}
{"id": 2614, "label": 3}
{"id": 2615, "label": 1}
{"id": 2616, "label": 1}
{"id": 2617, "label": 3}
{"id": 2618, "label": 1}
{"id": 2619, "label": 1}
{"id": 2620, "label": 0}
{"id": 2621, "label": 2}
{"id": 2622, "label": 1}
{"id": 2623, "label": 2}
{"id": 2624, "label": 1}
{"id": 2625, "label": 2}
{"id": 2626, "label": 1}
{"id": 2627, "label": 3}
{"id": 2628, "label": 1}
{"id": 2629, "label": 2}
{"id": 2630, "label": 0}
{"id": 2631, "label": 2}
{"id": 2632, "label": 0}
{"id": 2633, "label": 3}
{"id": 2634, "label": 1}
{"id": 2635, "label": 2}
{"id": 2636, "label": 3}
{"id": 2637, "label": 1}
{"id": 2638, "label": 3}
{"id": 2639, "label": 0}
{"id": 2640, "label": 3}
{"id": 2641, "label": 1}
{"id": 2642, "label": 2}
{"id": 2643, "label": 2}
{"id": 2644, "label": 2}
{"id": 2645, "label": 3}
{"id": 2646, "label": 3}
{"id": 2647, "label": 0}
{"id": 2648, "label": 0}
{"id": 2649, "label": 1}
{"id": 2650, "label": 1}
{"id": 2651, "label": 2}
{"id": 2652, "label": 2}
{"id": 2653, "label": 3}
{"id": 2654, "label": 3}
{"id": 2655, "label": 1}
{"id": 2656, "label": 2}
{"id": 2657, "label": 0}
{"id": 2658, "label": 2}
{"id": 2659, "label": 3}
{"id": 2660, "label": 1}
{"id": 2661, "label": 1}
{"id": 2662, "label": 0}
{"id": 2663, "label": 0}
{"id": 2664, "label": 1}
{"id": 2665, "label": 2}
{"id": 2666, "label": 0}
{"id": 2667, "label": 2}
{"id": 2668, "label": 1}
{"id": 2669, "label": 1}
{"id": 2670, "label": 2}
{"id": 2671, "label": 2}
{"id": 2672, "label": 2}
{"id": 2673, "label": 2}
{"id": 2674, "label": 1}
{"id": 2675, "label": 0}
{"id": 2676, "label": 1}
{"id": 2677, "label": 2}
{"id": 2678, "label": 2}
{"id": 2679, "label": 2}
{"id": 2680, "label": 3}
{"id": 2681, "label": 2}
{"id": 2682, "label": 1}
{"id": 2683, "label": 2}
{"id": 2684, "label": 1}
{"id": 2685, "label": 0}
{"id": 2686, "label": 2}
{"id": 2687, "label": 0}
{"id": 2688, "label": 1}
{"id": 2689, "label": 2}
{"id": 2690, "label": 3}
{"id": 2691, "label": 0}
{"id": 2692, "label": 3}
{"id": 2693, "label": 1}
{"id": 2694, "label": 3}
{"id": 2695, "label": 2}
{"id": 2696, "label": 0}
{"id": 2697, "label": 0}
{"id": 2698, "label": 1}
{"id": 2699, "label": 0}
{"id": 2700, "label": 2}
{"id": 2701, "label": 1}
{"id": 2702, "label": 1}
{"id": 2703, "label": 1}
{"id": 2704, "label": 0}
{"id": 2705, "label": 2}
{"id": 2706, "label": 2}
{"id": 2707, "label": 1}
{"id": 2708, "label": 1}
{"id": 2709, "label": 2}
{"id": 2710, "label": 1}
{"id": 2711, "label": 0}
{"id": 2712, "label": 2}
{"id": 2713, "label": 2}
{"id": 2714, "label": 0}
{"id": 2715, "label": 0}
{"id": 2716, "label": 1}
{"id": 2717, "label": 3}
{"id": 2718, "label": 3}
{"id": 2719, "label": 0}
{"id": 2720, "label": 1}
{"id": 2721, "label": 3}
{"id": 2722, "label": 3}
{"id": 2723, "label": 2}
{"id": 2724, "label": 3}
{"id": 2725, "label": 3}
{"id": 2726, "label": 2}
{"id": 2727, "label": 2}
{"id": 2728, "label": 2}
{"id": 2729, "label": 1}
{"id": 2730, "label": 1}
{"id": 2731, "label": 3}
{"id": 2732, "label": 1}
{"id": 2733, "label": 3}
{"id": 2734, "label": 2}
{"id": 2735, "label": 2}
{"id": 2736, "label": 1}
{"id": 2737, "label": 1}
{"id": 2738, "label": 0}
{"id": 2739, "label": 1}
{"id": 2740, "label": 1}
{"id": 2741, "label": 3}
{"id": 2742, "label": 0}
{"id": 2743, "label": 2}
{"id": 2744, "label": 3}
{"id": 2745, "label": 1}
{"id": 2746, "label": 0}
{"id": 2747, "label": 2}
{"id": 2748, "label": 0}
{"id": 2749, "label": 1}
{"id": 2750, "label": 3}
{"id": 2751, "label": 2}
{"id": 2752, "label": 3}
{"id": 2753, "label": 2}
{"id": 2754, "label": 1}
{"id": 2755, "label": 2}
{"id": 2756, "label": 3}
{"id": 2757, "label": 2}
{"id": 2758, "label": 0}
{"id": 2759, "label": 0}
{"id": 2760, "label": 0}
{"id": 2761, "label": 3}
{"id": 2762, "label": 1}
{"id": 2763, "label": 1}
{"id": 2764, "label": 1}
{"id": 2765, "label": 2}
{"id": 2766, "label": 1}
{"id": 2767, "label": 0}
{"id": 2768, "label": 0}
{"id": 2769, "label": 0}
{"id": 2770, "label": 0}
{"id": 2771, "label": 0}
{"id": 2772, "label": 3}
{"id": 2773, "label": 2}
{"id": 2774, "label": 2}
{"id": 2775, "label": 1}
{"id": 2776, "label": 0}
{"id": 2777, "label": 3}
{"id": 2778, "label": 1}
{"id": 2779, "label": 1}
{"id": 2780, "label": 3}
{"id": 2781, "label": 2}
{"id": 2782, "label": 1}
{"id": 2783, "label": 0}
{"id": 2784, "label": 0}
{"id": 2785, "label": 3}
{"id": 2786, "label": 2}
{"id": 2787, "label": 2}
{"id": 2788, "label": 3}
{"id": 2789, "label": 0}
{"id": 2790, "label": 2}
{"id": 2791, "label": 1}
{"id": 2792, "label": 1}
{"id": 2793, "label": 2}
{"id": 2794, "label": 0}
{"id": 2795, "label": 3}
{"id": 2796, "label": 3}
{"id": 2797, "label": 0}
{"id": 2798, "label": 1}
{"id": 2799, "label": 1}
{"id": 2800, "label": 1}
{"id": 2801, "label": 0}
{"id": 2802, "label": 2}
{"id": 2803, "label": 1}
{"id": 2804, "label": 2}
{"id": 2805, "label": 2}
{"id": 2806, "label": 1}
{"id": 2807, "label": 2}
{"id": 2808, "label": 3}
{"id": 2809, "label": 0}
{"id": 2810, "label": 2}
{"id": 2811, "label": 1}
{"id": 2812, "label": 2}
{"id": 2813, "label": 3}
{"id": 2814, "label": 2}
{"id": 2815, "label": 1}
{"id": 2816, "label": 2}
{"id": 2817, "label": 0}
{"id": 2818, "label": 3}
{"id": 2819, "label": 0}
{"id": 2820, "label": 2}
{"id": 2821, "label": 3}
{"id": 2822, "label": 1}
{"id": 2823, "label": 2}
{"id": 2824, "label": 2}
{"id": 2825, "label": 0}
{"id": 2826, "label": 1}
{"id": 2827, "label": 3}
{"id": 2828, "label": 0}
{"id": 2829, "label": 2}
{"id": 2830, "label": 1}
{"id": 2831, "label": 2}
{"id": 2832, "label": 0}
{"id": 2833, "label": 2}
{"id": 2834, "label": 1}
{"id": 2835, "label": 2}
{"id": 2836, "label": 1}
{"id": 2837, "label": 2}
{"id": 2838, "label": 0}
{"id": 2839, "label": 1}
{"id": 2840, "label": 1}
{"id": 2841, "label": 2}
{"id": 2842, "label": 0}
{"id": 2843, "label": 0}
{"id": 2844, "label": 1}
{"id": 2845, "label": 2}
{"id": 2846, "label": 3}
{"id": 2847, "label": 0}
{"id": 2848, "label": 3}
{"id": 2849, "label": 3}
{"id": 2850, "label": 0}
{"id": 2851, "label": 0}
{"id": 2852, "label": 1}
{"id": 2853, "label": 0}
{"id": 2854, "label": 2}
{"id": 2855, "label": 0}
{"id": 2856, "label": 3}
{"id": 2857, "label": 2}
{"id": 2858, "label": 0}
{"id": 2859, "label": 1}
{"id": 2860, "label": 1}
{"id": 2861, "label": 3}
{"id": 2862, "label": 2}
{"id": 2863, "label": 0}
{"id": 2864, "label": 0}
{"id": 2865, "label": 1}
{"id": 2866, "label": 3}
{"id": 2867, "label": 3}
{"id": 2868, "label": 3}
{"id": 2869, "label": 0}
{"id": 2870, "label": 2}
{"id": 2871, "label": 1}
{"id": 2872, "label": 1}
{"id": 2873, "label": 1}
{"id": 2874, "label": 0}
{"id": 2875, "label": 3}
{"id": 2876, "label": 1}
{"id": 2877, "label": 2}
{"id": 2878, "label": 2}
{"id": 2879, "label": 0}
{"id": 2880, "label": 3}
{"id": 2881, "label": 2}
{"id": 2882, "label": 3}
{"id": 2883, "label": 2}
{"id": 2884, "label": 1}
{"id": 2885, "label": 1}
{"id": 2886, "label": 1}
{"id": 2887, "label": 3}
{"id": 2888, "label": 2}
{"id": 2889, "label": 2}
{"id": 2890, "label": 3}
{"id": 2891, "label": 2}
{"id": 2892, "label": 3}
{"id": 2893, "label": 1}
{"id": 2894, "label": 3}
{"id": 2895, "label": 2}
{"id": 2896, "label": 1}
{"id": 2897, "label": 1}
{"id": 2898, "label": 3}
{"id": 2899, "label": 0}
{"id": 2900, "label": 2}
{"id": 2901, "label": 0}
{"id": 2902, "label": 1}
{"id": 2903, "label": 1}
{"id": 2904, "label": 0}
{"id": 2905, "label": 0}
{"id": 2906, "label": 1}
{"id": 2907, "label": 0}
{"id": 2908, "label": 3}
{"id": 2909, "label": 2}
{"id": 2910, "label": 1}
{"id": 2911, "label": 2}
{"id": 2912, "label": 0}
{"id": 2913, "label": 3}
{"id": 2914, "label": 1}
{"id": 2915, "label": 3}
{"id": 2916, "label": 2}
{"id": 2917, "label": 3}
{"id": 2918, "label": 0}
{"id": 2919, "label": 3}
{"id": 2920, "label": 1}
{"id": 2921, "label": 0}
{"id": 2922, "label": 1}
{"id": 2923, "label": 1}
{"id": 2924, "label": 2}
{"id": 2925, "label": 1}
{"id": 2926, "label": 0}
{"id": 2927, "label": 3}
{"id": 2928, "label": 1}
{"id": 2929, "label": 1}
{"id": 2930, "label": 3}
{"id": 2931, "label": 0}
{"id": 2932, "label": 2}
{"id": 2933, "label": 3}
{"id": 2934, "label": 0}
{"id": 2935, "label": 0}
{"id": 2936, "label": 3}
{"id": 2937, "label": 0}
{"id": 2938, "label": 2}
{"id": 2939, "label": 2}
{"id": 2940, "label": 2}
{"id": 2941, "label": 2}
{"id": 2942, "label": 2}
{"id": 2943, "label": 2}
{"id": 2944, "label": 0}
{"id": 2945, "label": 0}
{"id": 2946, "label": 3}
{"id": 2947, "label": 2}
{"id": 2948, "label": 0}
{"id": 2949, "label": 0}
{"id": 2950, "label": 1}
{"id": 2951, "label": 2}
{"id": 2952, "label": 3}
{"id": 2953, "label": 3}
{"id": 2954, "label": 0}
{"id": 2955, "label": 2}
{"id": 2956, "label": 0}
{"id": 2957, "label": 3}
{"id": 2958, "label": 0}
{"id": 2959, "label": 3}
{"id": 2960, "label": 3}
{"id": 2961, "label": 0}
{"id": 2962, "label": 1}
{"id": 2963, "label": 3}
{"id": 2964, "label": 0}
{"id": 2965, "label": 3}
{"id": 2966, "label": 1}
{"id": 2967, "label": 3}
{"id": 2968, "label": 3}
{"id": 2969, "label": 3}
{"id": 2970, "label": 3}
{"id": 2971, "label": 1}
{"id": 2972, "label": 3}
{"id": 2973, "label": 3}
{"id": 2974, "label": 2}
{"id": 2975, "label": 3}
{"id": 2976, "label": 3}
{"id": 2977, "label": 1}
{"id": 2978, "label": 0}
{"id": 2979, "label": 0}
{"id": 2980, "label": 3}
{"id": 2981, "label": 2}
{"id": 2982, "label": 0}
{"id": 2983, "label": 1}
{"id": 2984, "label": 0}
{"id": 2985, "label": 3}
{"id": 2986, "label": 1}
{"id": 2987, "label": 1}
{"id": 2988, "label": 2}
{"id": 2989, "label": 3}
{"id": 2990, "label": 0}
{"id": 2991, "label": 2}
{"id": 2992, "label": 2}
{"id": 2993, "label": 0}
{"id": 2994, "label": 3}
{"id": 2995, "label": 3}
{"id": 2996, "label": 0}
{"id": 2997, "label": 3}
{"id": 2998, "label": 1}
{"id": 2999, "label": 3}
{"id": 3000, "label": 0}
{"id": 3001, "label": 1}
{"id": 3002, "label": 3}
{"id": 3003, "label": 3}
{"id": 3004, "label": 3}
{"id": 3005, "label": 0}
{"id": 3006, "label": 0}
{"id": 3007, "label": 2}
{"id": 3008, "label": 0}
{"id": 3009, "label": 1}
{"id": 3010, "label": 0}
{"id": 3011, "label": 3}
{"id": 3012, "label": 2}
{"id": 3013, "label": 1}
{"id": 3014, "label": 3}
{"id": 3015, "label": 1}
{"id": 3016, "label": 1}
{"id": 3017, "label": 1}
{"id": 3018, "label": 1}
{"id": 3019, "label": 0}
{"id": 3020, "label": 2}
{"id": 3021, "label": 1}
{"id": 3022, "label": 0}
{"id": 3023, "label": 0}
{"id": 3024, "label": 0}
{"id": 3025, "label": 0}
{"id": 3026, "label": 3}
{"id": 3027, "label": 0}
{"id": 3028, "label": 1}
{"id": 3029, "label": 1}
{"id": 3030, "label": 0}
{"id": 3031, "label": 0}
{"id": 3032, "label": 0}
{"id": 3033, "label": 2}
{"id": 3034, "label": 2}
{"id": 3035, "label": 2}
{"id": 3036, "label": 0}
{"id": 3037, "label": 0}
{"id": 3038, "label": 3}
{"id": 3039, "label": 2}
{"id": 3040, "label": 1}
{"id": 3041, "label": 3}
{"id": 3042, "label": 2}
{"id": 3043, "label": 3}
{"id": 3044, "label": 0}
{"id": 3045, "label": 1}
{"id": 3046, "label": 1}
{"id": 3047, "label": 1}
{"id": 3048, "label": 2}
{"id": 3049, "label": 1}
{"id": 3050, "label": 2}
{"id": 3051, "label": 2}
{"id": 3052, "label": 0}
{"id": 3053, "label": 2}
{"id": 3054, "label": 1}
{"id": 3055, "label": 0}
{"id": 3056, "label": 1}
{"id": 3057, "label": 1}
{"id": 3058, "label": 3}
{"id": 3059, "label": 2}
{"id": 3060, "label": 3}
{"id": 3061, "label": 0}
{"id": 3062, "label": 3}
{"id": 3063, "label": 1}
{"id": 3064, "label": 2}
{"id": 3065, "label": 3}
{"id": 3066, "label": 3}
{"id": 3067, "label": 2}
{"id": 3068, "label": 0}
{"id": 3069, "label": 1}
{"id": 3070, "label": 2}
{"id": 3071, "label": 2}
{"id": 3072, "label": 0}
{"id": 3073, "label": 3}
{"id": 3074, "label": 1}
{"id": 3075, "label": 0}
{"id": 3076, "label": 0}
{"id": 3077, "label": 2}
{"id": 3078, "label": 3}
{"id": 3079, "label": 0}
{"id": 3080, "label": 2}
{"id": 3081, "label": 3}
{"id": 3082, "label": 1}
{"id": 3083, "label": 2}
{"id": 3084, "label": 2}
{"id": 3085, "label": 1}
{"id": 3086, "label": 2}
{"id": 3087, "label": 2}
{"id": 3088, "label": 2}
{"id": 3089, "label": 0}
{"id": 3090, "label": 2}
{"id": 3091, "label": 1}
{"id": 3092, "label": 0}
{"id": 3093, "label": 2}
{"id": 3094, "label": 0}
{"id": 3095, "label": 1}
{"id": 3096, "label": 2}
{"id": 3097, "label": 0}
{"id": 3098, "label": 0}
{"id": 3099, "label": 1}
{"id": 3100, "label": 3}
{"id": 3101, "label": 0}
{"id": 3102, "label": 1}
{"id": 3103, "label": 3}
{"id": 3104, "label": 2}
{"id": 3105, "label": 0}
{"id": 3106, "label": 1}
{"id": 3107, "label": 0}
{"id": 3108, "label": 0}
{"id": 3109, "label": 0}
{"id": 3110, "label": 1}
{"id": 3111, "label": 2}
{"id": 3112, "label": 2}
{"id": 3113, "label": 2}
{"id": 3114, "label": 1}
{"id": 3115, "label": 1}
{"id": 3116, "label": 2}
{"id": 3117, "label": 1}
{"id": 3118, "label": 1}
{"id": 3119, "label": 2}
{"id": 3120, "label": 1}
{"id": 3121, "label": 1}
{"id": 3122, "label": 2}
{"id": 3123, "label": 0}
{"id": 3124, "label": 0}
{"id": 3125, "label": 1}
{"id": 3126, "label": 3}
{"id": 3127, "label": 0}
{"id": 3128, "label": 1}
{"id": 3129, "label": 2}
{"id": 3130, "label": 2}
{"id": 3131, "label": 2}
{"id": 3132, "label": 2}
{"id": 3133, "label": 2}
{"id": 3134, "label": 0}
{"id": 3135, "label": 1}
{"id": 3136, "label": 2}
{"id": 3137, "label": 0}
{"id": 3138, "label": 1}
{"id": 3139, "label": 0}
{"id": 3140, "label": 2}
{"id": 3141, "label": 2}
{"id": 3142, "label": 1}
{"id": 3143, "label": 1}
{"id": 3144, "label": 2}
{"id": 3145, "label": 1}
{"id": 3146, "label": 1}
{"id": 3147, "label": 0}
{"id": 3148, "label": 1}
{"id": 3149, "label": 3}
{"id": 3150, "label": 0}
{"id": 3151, "label": 2}
{"id": 3152, "label": 2}
{"id": 3153, "label": 3}
{"id": 3154, "label": 0}
{"id": 3155, "label": 1}
{"id": 3156, "label": 1}
{"id": 3157, "label": 3}
{"id": 3158, "label": 0}
{"id": 3159, "label": 1}
{"id": 3160, "label": 1}
{"id": 3161, "label": 0}
{"id": 3162, "label": 2}
{"id": 3163, "label": 2}
{"id": 3164, "label": 1}
{"id": 3165, "label": 1}
{"id": 3166, "label": 2}
{"id": 3167, "label": 2}
{"id": 3168, "label": 0}
{"id": 3169, "label": 1}
{"id": 3170, "label": 0}
{"id": 3171, "label": 2}
{"id": 3172, "label": 0}
{"id": 3173, "label": 2}
{"id": 3174, "label": 1}
{"id": 3175, "label": 0}
{"id": 3176, "label": 3}
{"id": 3177, "label": 1}
{"id": 3178, "label": 0}
{"id": 3179, "label": 1}
{"id": 3180, "label": 2}
{"id": 3181, "label": 0}
{"id": 3182, "label": 2}
{"id": 3183, "label": 2}
{"id": 3184, "label": 1}
{"id": 3185, "label": 1}
{"id": 3186, "label": 1}
{"id": 3187, "label": 1}
{"id": 3188, "label": 3}
{"id": 3189, "label": 3}
{"id": 3190, "label": 2}
{"id": 3191, "label": 1}
{"id": 3192, "label": 3}
{"id": 3193, "label": 1}
{"id": 3194, "label": 1}
{"id": 3195, "label": 1}
{"id": 3196, "label": 0}
{"id": 3197, "label": 1}
{"id": 3198, "label": 0}
{"id": 3199, "label": 0}
{"id": 3200, "label": 0}
{"id": 3201, "label": 3}
{"id": 3202, "label": 2}
{"id": 3203, "label": 2}
{"id": 3204, "label": 3}
{"id": 3205, "label": 3}
{"id": 3206, "label": 1}
{"id": 3207, "label": 0}
{"id": 3208, "label": 2}
{"id": 3209, "label": 1}
{"id": 3210, "label": 2}
{"id": 3211, "label": 1}
{"id": 3212, "label": 3}
{"id": 3213, "label": 3}
{"id": 3214, "label": 0}
{"id": 3215, "label": 3}
{"id": 3216, "label": 1}
{"id": 3217, "label": 2}
{"id": 3218, "label": 3}
{"id": 3219, "label": 1}
{"id": 3220, "label": 1}
{"id": 3221, "label": 1}
{"id": 3222, "label": 2}
{"id": 3223, "label": 1}
{"id": 3224, "label": 2}
{"id": 3225, "label": 2}
{"id": 3226, "label": 1}
{"id": 3227, "label": 3}
{"id": 3228, "label": 2}
{"id": 3229, "label": 2}
{"id": 3230, "label": 2}
{"id": 3231, "label": 0}
{"id": 3232, "label": 3}
{"id": 3233, "label": 0}
{"id": 3234, "label": 2}
{"id": 3235, "label": 3}
{"id": 3236, "label": 1}
{"id": 3237, "label": 0}
{"id": 3238, "label": 2}
{"id": 3239, "label": 0}
{"id": 3240, "label": 1}
{"id": 3241, "label": 1}
{"id": 3242, "label": 2}
{"id": 3243, "label": 3}
{"id": 3244, "label": 0}
{"id": 3245, "label": 2}
{"id": 3246, "label": 0}
{"id": 3247, "label": 2}
{"id": 3248, "label": 0}
{"id": 3249, "label": 2}
{"id": 3250, "label": 1}
{"id": 3251, "label": 2}
{"id": 3252, "label": 2}
{"id": 3253, "label": 0}
{"id": 3254, "label": 0}
{"id": 3255, "label": 1}
{"id": 3256, "label": 3}
{"id": 3257, "label": 1}
{"id": 3258, "label": 2}
{"id": 3259, "label": 2}
{"id": 3260, "label": 0}
{"id": 3261, "label": 0}
{"id": 3262, "label": 0}
{"id": 3263, "label": 2}
{"id": 3264, "label": 0}
{"id": 3265, "label": 0}
{"id": 3266, "label": 0}
{"id": 3267, "label": 1}
{"id": 3268, "label": 3}
{"id": 3269, "label": 0}
{"id": 3270, "label": 3}
{"id": 3271, "label": 2}
{"id": 3272, "label": 1}
{"id": 3273, "label": 3}
{"id": 3274, "label": 1}
{"id": 3275, "label": 2}
{"id": 3276, "label": 2}
{"id": 3277, "label": 2}
{"id": 3278, "label": 1}
{"id": 3279, "label": 0}
{"id": 3280, "label": 1}
{"id": 3281, "label": 1}
{"id": 3282, "label": 1}
{"id": 3283, "label": 1}
{"id": 3284, "label": 2}
{"id": 3285, "label": 2}
{"id": 3286, "label": 1}
{"id": 3287, "label": 3}
{"id": 3288, "label": 2}
{"id": 3289, "label": 0}
{"id": 3290, "label": 3}
{"id": 3291, "label": 2}
{"id": 3292, "label": 3}
{"id": 3293, "label": 0}
{"id": 3294, "label": 3}
{"id": 3295, "label": 3}
{"id": 3296, "label": 3}
{"id": 3297, "label": 2}
{"id": 3298, "label": 0}
{"id": 3299, "label": 0}
{"id": 3300, "label": 2}
{"id": 3301, "label": 0}
{"id": 3302, "label": 1}
{"id": 3303, "label": 1}
{"id": 3304, "label": 3}
{"id": 3305, "label": 1}
{"id": 3306, "label": 1}
{"id": 3307, "label": 0}
{"id": 3308, "label": 0}
{"id": 3309, "label": 0}
{"id": 3310, "label": 0}
{"id": 3311, "label": 0}
{"id": 3312, "label": 1}
{"id": 3313, "label": 0}
{"id": 3314, "label": 2}
{"id": 3315, "label": 0}
{"id": 3316, "label": 2}
{"id": 3317, "label": 3}
{"id": 3318, "label": 2}
{"id": 3319, "label": 3}
{"id": 3320, "label": 0}
{"id": 3321, "label": 3}
{"id": 3322, "label": 2}
{"id": 3323, "label": 0}
{"id": 3324, "label": 0}
{"id": 3325, "label": 1}
{"id": 3326, "label": 1}
{"id": 3327, "label": 0}
{"id": 3328, "label": 2}
{"id": 3329, "label": 1}
{"id": 3330, "label": 3}
{"id": 3331, "label": 1}
{"id": 3332, "label": 1}
{"id": 3333, "label": 3}
{"id": 3334, "label": 3}
{"id": 3335, "label": 0}
{"id": 3336, "label": 2}
{"id": 3337, "label": 2}
{"id": 3338, "label": 0}
{"id": 3339, "label": 3}
{"id": 3340, "label": 3}
{"id": 3341, "label": 3}
{"id": 3342, "label": 2}
{"id": 3343, "label": 1}
{"id": 3344, "label": 0}
{"id": 3345, "label": 3}
{"id": 3346, "label": 2}
{"id": 3347, "label": 2}
{"id": 3348, "label": 0}
{"id": 3349, "label": 0}
{"id": 3350, "label": 3}
{"id": 3351, "label": 3}
{"id": 3352, "label": 2}
{"id": 3353, "label": 2}
{"id": 3354, "label": 0}
{"id": 3355, "label": 0}
{"id": 3356, "label": 2}
{"id": 3357, "label": 0}
{"id": 3358, "label": 2}
{"id": 3359, "label": 1}
{"id": 3360, "label": 3}
{"id": 3361, "label": 1}
{"id": 3362, "label": 2}
{"id": 3363, "label": 1}
{"id": 3364, "label": 3}
{"id": 3365, "label": 0}
{"id": 3366, "label": 3}
{"id": 3367, "label": 3}
{"id": 3368, "label": 0}
{"id": 3369, "label": 1}
{"id": 3370, "label": 1}
{"id": 3371, "label": 1}
{"id": 3372, "label": 0}
{"id": 3373, "label": 1}
{"id": 3374, "label": 1}
{"id": 3375, "label": 1}
{"id": 3376, "label": 3}
{"id": 3377, "label": 0}
{"id": 3378, "label": 0}
{"id": 3379, "label": 1}
{"id": 3380, "label": 3}
{"id": 3381, "label": 3}
{"id": 3382, "label": 0}
{"id": 3383, "label": 2}
{"id": 3384, "label": 0}
{"id": 3385, "label": 3}
{"id": 3386, "label": 1}
{"id": 3387, "label": 3}
{"id": 3388, "label": 3}
{"id": 3389, "label": 1}
{"id": 3390, "label": 0}
{"id": 3391, "label": 3}
{"id": 3392, "label": 0}
{"id": 3393, "label": 1}
{"id": 3394, "label": 3}
{"id": 3395, "label": 2}
{"id": 3396, "label": 0}
{"id": 3397, "label": 2}
{"id": 3398, "label": 0}
{"id": 3399, "label": 0}
{"id": 3400, "label": 0}
{"id": 3401, "label": 2}
{"id": 3402, "label": 3}
{"id": 3403, "label": 1}
{"id": 3404, "label": 2}
{"id": 3405, "label": 0}
{"id": 3406, "label": 1}
{"id": 3407, "label": 1}
{"id": 3408, "label": 1}
{"id": 3409, "label": 0}
{"id": 3410, "label": 1}
{"id": 3411, "label": 3}
{"id": 3412, "label": 0}
{"id": 3413, "label": 3}
{"id": 3414, "label": 0}
{"id": 3415, "label": 2}
{"id": 3416, "label": 0}
{"id": 3417, "label": 2}
{"id": 3418, "label": 2}
{"id": 3419, "label": 2}
{"id": 3420, "label": 1}
{"id": 3421, "label": 0}
{"id": 3422, "label": 1}
{"id": 3423, "label": 3}
{"id": 3424, "label": 0}
{"id": 3425, "label": 0}
{"id": 3426, "label": 0}
{"id": 3427, "label": 0}
{"id": 3428, "label": 3}
{"id": 3429, "label": 2}
{"id": 3430, "label": 2}
{"id": 3431, "label": 0}
{"id": 3432, "label": 3}
{"id": 3433, "label": 0}
{"id": 3434, "label": 1}
{"id": 3435, "label": 0}
{"id": 3436, "label": 0}
{"id": 3437, "label": 1}
{"id": 3438, "label": 1}
{"id": 3439, "label": 1}
{"id": 3440, "label": 2}
{"id": 3441, "label": 3}
{"id": 3442, "label": 3}
{"id": 3443, "label": 1}
{"id": 3444, "label": 3}
{"id": 3445, "label": 0}
{"id": 3446, "label": 3}
{"id": 3447, "label": 0}
{"id": 3448, "label": 1}
{"id": 3449, "label": 0}
{"id": 3450, "label": 1}
{"id": 3451, "label": 2}
{"id": 3452, "label": 0}
{"id": 3453, "label": 1}
{"id": 3454, "label": 0}
{"id": 3455, "label": 1}
{"id": 3456, "label": 2}
{"id": 3457, "label": 2}
{"id": 3458, "label": 2}
{"id": 3459, "label": 0}
{"id": 3460, "label": 0}
{"id": 3461, "label": 2}
{"id": 3462, "label": 2}
{"id": 3463, "label": 1}
{"id": 3464, "label": 1}
{"id": 3465, "label": 0}
{"id": 3466, "label": 3}
{"id": 3467, "label": 2}
{"id": 3468, "label": 1}
{"id": 3469, "label": 0}
{"id": 3470, "label": 3}
{"id": 3471, "label": 0}
{"id": 3472, "label": 3}
{"id": 3473, "label": 0}
{"id": 3474, "label": 3}
{"id": 3475, "label": 3}
{"id": 3476, "label": 1}
{"id": 3477, "label": 3}
{"id": 3478, "label": 1}
{"id": 3479, "label": 2}
{"id": 3480, "label": 0}
{"id": 3481, "label": 3}
{"id": 3482, "label": 3}
{"id": 3483, "label": 0}
{"id": 3484, "label": 1}
{"id": 3485, "label": 0}
{"id": 3486, "label": 3}
{"id": 3487, "label": 0}
{"id": 3488, "label": 2}
{"id": 3489, "label": 2}
{"id": 3490, "label": 0}
{"id": 3491, "label": 2}
{"id": 3492, "label": 2}
{"id": 3493, "label": 2}
{"id": 3494, "label": 0}
{"id": 3495, "label": 1}
{"id": 3496, "label": 0}
{"id": 3497, "label": 0}
{"id": 3498, "label": 3}
{"id": 3499, "label": 1}
{"id": 3500, "label": 1}
{"id": 3501, "label": 0}
{"id": 3502, "label": 0}
{"id": 3503, "label": 0}
{"id": 3504, "label": 0}
{"id": 3505, "label": 3}
{"id": 3506, "label": 3}
{"id": 3507, "label": 2}
{"id": 3508, "label": 2}
{"id": 3509, "label": 2}
{"id": 3510, "label": 0}
{"id": 3511, "label": 2}
{"id": 3512, "label": 1}
{"id": 3513, "label": 1}
{"id": 3514, "label": 1}
{"id": 3515, "label": 2}
{"id": 3516, "label": 2}
{"id": 3517, "label": 1}
{"id": 3518, "label": 3}
{"id": 3519, "label": 1}
{"id": 3520, "label": 0}
{"id": 3521, "label": 0}
{"id": 3522, "label": 3}
{"id": 3523, "label": 3}
{"id": 3524, "label": 1}
{"id": 3525, "label": 1}
{"id": 3526, "label": 3}
{"id": 3527, "label": 3}
{"id": 3528, "label": 1}
{"id": 3529, "label": 3}
{"id": 3530, "label": 2}
{"id": 3531, "label": 3}
{"id": 3532, "label": 3}
{"id": 3533, "label": 1}
{"id": 3534, "label": 0}
{"id": 3535, "label": 0}
{"id": 3536, "label": 2}
{"id": 3537, "label": 2}
{"id": 3538, "label": 3}
{"id": 3539, "label": 2}
{"id": 3540, "label": 2}
{"id": 3541, "label": 1}
{"id": 3542, "label": 3}
{"id": 3543, "label": 0}
{"id": 3544, "label": 1}
{"id": 3545, "label": 1}
{"id": 3546, "label": 1}
{"id": 3547, "label": 1}
{"id": 3548, "label": 2}
{"id": 3549, "label": 1}
{"id": 3550, "label": 3}
{"id": 3551, "label": 0}
{"id": 3552, "label": 3}
{"id": 3553, "label": 1}
{"id": 3554, "label": 1}
{"id": 3555, "label": 0}
{"id": 3556, "label": 1}
{"id": 3557, "label": 3}
{"id": 3558, "label": 2}
{"id": 3559, "label": 2}
{"id": 3560, "label": 0}
{"id": 3561, "label": 0}
{"id": 3562, "label": 1}
{"id": 3563, "label": 3}
{"id": 3564, "label": 1}
{"id": 3565, "label": 2}
{"id": 3566, "label": 1}
{"id": 3567, "label": 3}
{"id": 3568, "label": 0}
{"id": 3569, "label": 3}
{"id": 3570, "label": 1}
{"id": 3571, "label": 2}
{"id": 3572, "label": 2}
{"id": 3573, "label": 0}
{"id": 3574, "label": 0}
{"id": 3575, "label": 3}
{"id": 3576, "label": 3}
{"id": 3577, "label": 0}
{"id": 3578, "label": 2}
{"id": 3579, "label": 0}
{"id": 3580, "label": 1}
{"id": 3581, "label": 1}
{"id": 3582, "label": 1}
{"id": 3583, "label": 0}
{"id": 3584, "label": 3}
{"id": 3585, "label": 3}
{"id": 3586, "label": 1}
{"id": 3587, "label": 3}
{"id": 3588, "label": 0}
{"id": 3589, "label": 2}
{"id": 3590, "label": 1}
{"id": 3591, "label": 2}
{"id": 3592, "label": 3}
{"id": 3593, "label": 1}
{"id": 3594, "label": 3}
{"id": 3595, "label": 0}
{"id": 3596, "label": 3}
{"id": 3597, "label": 0}
{"id": 3598, "label": 1}
{"id": 3599, "label": 3}
{"id": 3600, "label": 2}
{"id": 3601, "label": 3}
{"id": 3602, "label": 2}
{"id": 3603, "label": 3}
{"id": 3604, "label": 1}
{"id": 3605, "label": 3}
{"id": 3606, "label": 0}
{"id": 3607, "label": 1}
{"id": 3608, "label": 1}
{"id": 3609, "label": 2}
{"id": 3610, "label": 0}
{"id": 3611, "label": 3}
{"id": 3612, "label": 1}
{"id": 3613, "label": 3}
{"id": 3614, "label": 0}
{"id": 3615, "label": 1}
{"id": 3616, "label": 0}
{"id": 3617, "label": 1}
{"id": 3618, "label": 0}
{"id": 3619, "label": 1}
{"id": 3620, "label": 3}
{"id": 3621, "label": 3}
{"id": 3622, "label": 3}
{"id": 3623, "label": 1}
{"id": 3624, "label": 1}
{"id": 3625, "label": 0}
{"id": 3626, "label": 2}
{"id": 3627, "label": 3}
{"id": 3628, "label": 0}
{"id": 3629, "label": 0}
{"id": 3630, "label": 1}
{"id": 3631, "label": 0}
{"id": 3632, "label": 0}
{"id": 3633, "label": 2}
{"id": 3634, "label": 0}
{"id": 3635, "label": 3}
{"id": 3636, "label": 3}
{"id": 3637, "label": 3}
{"id": 3638, "label": 0}
{"id": 3639, "label": 1}
{"id": 3640, "label": 0}
{"id": 3641, "label": 3}
{"id": 3642, "label": 0}
{"id": 3643, "label": 0}
{"id": 3644, "label": 0}
{"id": 3645, "label": 3}
{"id": 3646, "label": 0}
{"id": 3647, "label": 2}
{"id": 3648, "label": 3}
{"id": 3649, "label": 0}
{"id": 3650, "label": 3}
{"id": 3651, "label": 1}
{"id": 3652, "label": 0}
{"id": 3653, "label": 2}
{"id": 3654, "label": 0}
{"id": 3655, "label": 0}
{"id": 3656, "label": 0}
{"id": 3657, "label": 2}
{"id": 3658, "label": 0}
{"id": 3659, "label": 1}
{"id": 3660, "label": 3}
{"id": 3661, "label": 3}
{"id": 3662, "label": 2}
{"id": 3663, "label": 0}
{"id": 3664, "label": 2}
{"id": 3665, "label": 1}
{"id": 3666, "label": 1}
{"id": 3667, "label": 1}
{"id": 3668, "label": 0}
{"id": 3669, "label": 0}
{"id": 3670, "label": 0}
{"id": 3671, "label": 1}
{"id": 3672, "label": 2}
{"id": 3673, "label": 0}
{"id": 3674, "label": 3}
{"id": 3675, "label": 3}
{"id": 3676, "label": 3}
{"id": 3677, "label": 2}
{"id": 3678, "label": 0}
{"id": 3679, "label": 0}
{"id": 3680, "label": 3}
{"id": 3681, "label": 1}
{"id": 3682, "label": 0}
{"id": 3683, "label": 1}
{"id": 3684, "label": 3}
{"id": 3685, "label": 1}
{"id": 3686, "label": 0}
{"id": 3687, "label": 0}
{"id": 3688, "label": 1}
{"id": 3689, "label": 0}
{"id": 3690, "label": 2}
{"id": 3691, "label": 0}
{"id": 3692, "label": 2}
{"id": 3693, "label": 2}
{"id": 3694, "label": 2}
{"id": 3695, "label": 3}
{"id": 3696, "label": 1}
{"id": 3697, "label": 3}
{"id": 3698, "label": 1}
{"id": 3699, "label": 2}
{"id": 3700, "label": 3}
{"id": 3701, "label": 1}
{"id": 3702, "label": 3}
{"id": 3703, "label": 1}
{"id": 3704, "label": 0}
{"id": 3705, "label": 1}
{"id": 3706, "label": 0}
{"id": 3707, "label": 2}
{"id": 3708, "label": 1}
{"id": 3709, "label": 1}
{"id": 3710, "label": 2}
{"id": 3711, "label": 2}
{"id": 3712, "label": 2}
{"id": 3713, "label": 2}
{"id": 3714, "label": 0}
{"id": 3715, "label": 1}
{"id": 3716, "label": 2}
{"id": 3717, "label": 2}
{"id": 3718, "label": 1}
{"id": 3719, "label": 1}
{"id": 3720, "label": 1}
{"id": 3721, "label": 3}
{"id": 3722, "label": 1}
{"id": 3723, "label": 1}
{"id": 3724, "label": 2}
{"id": 3725, "label": 3}
{"id": 3726, "label": 0}
{"id": 3727, "label": 0}
{"id": 3728, "label": 0}
{"id": 3729, "label": 1}
{"id": 3730, "label": 3}
{"id": 3731, "label": 3}
{"id": 3732, "label": 1}
{"id": 3733, "label": 2}
{"id": 3734, "label": 0}
{"id": 3735, "label": 2}
{"id": 3736, "label": 2}
{"id": 3737, "label": 1}
{"id": 3738, "label": 3}
{"id": 3739, "label": 1}
{"id": 3740, "label": 1}
{"id": 3741, "label": 3}
{"id": 3742, "label": 0}
{"id": 3743, "label": 2}
{"id": 3744, "label": 0}
{"id": 3745, "label": 0}
{"id": 3746, "label": 0}
{"id": 3747, "label": 1}
{"id": 3748, "label": 0}
{"id": 3749, "label": 1}
{"id": 3750, "label": 1}
{"id": 3751, "label": 1}
{"id": 3752, "label": 2}
{"id": 3753, "label": 1}
{"id": 3754, "label": 3}
{"id": 3755, "label": 0}
{"id": 3756, "label": 2}
{"id": 3757, "label": 0}
{"id": 3758, "label": 2}
{"id": 3759, "label": 2}
{"id": 3760, "label": 0}
{"id": 3761, "label": 2}
{"id": 3762, "label": 3}
{"id": 3763, "label": 1}
{"id": 3764, "label": 2}
{"id": 3765, "label": 0}
{"id": 3766, "label": 0}
{"id": 3767, "label": 0}
{"id": 3768, "label": 0}
{"id": 3769, "label": 2}
{"id": 3770, "label": 3}
{"id": 3771, "label": 2}
{"id": 3772, "label": 0}
{"id": 3773, "label": 1}
{"id": 3774, "label": 2}
{"id": 3775, "label": 0}
{"id": 3776, "label": 1}
{"id": 3777, "label": 3}
{"id": 3778, "label": 3}
{"id": 3779, "label": 1}
{"id": 3780, "label": 1}
{"id": 3781, "label": 1}
{"id": 3782, "label": 1}
{"id": 3783, "label": 2}
{"id": 3784, "label": 1}
{"id": 3785, "label": 3}
{"id": 3786, "label": 1}
{"id": 3787, "label": 2}
{"id": 3788, "label": 0}
{"id": 3789, "label": 2}
{"id": 3790, "label": 2}
{"id": 3791, "label": 3}
{"id": 3792, "label": 0}
{"id": 3793, "label": 0}
{"id": 3794, "label": 0}
{"id": 3795, "label": 2}
{"id": 3796, "label": 1}
{"id": 3797, "label": 3}
{"id": 3798, "label": 1}
{"id": 3799, "label": 1}
{"id": 3800, "label": 0}
{"id": 3801, "label": 1}
{"id": 3802, "label": 1}
{"id": 3803, "label": 1}
{"id": 3804, "label": 1}
{"id": 3805, "label": 0}
{"id": 3806, "label": 0}
{"id": 3807, "label": 3}
{"id": 3808, "label": 2}
{"id": 3809, "label": 1}
{"id": 3810, "label": 2}
{"id": 3811, "label": 2}
{"id": 3812, "label": 0}
{"id": 3813, "label": 3}
{"id": 3814, "label": 3}
{"id": 3815, "label": 0}
{"id": 3816, "label": 1}
{"id": 3817, "label": 3}
{"id": 3818, "label": 3}
{"id": 3819, "label": 2}
{"id": 3820, "label": 1}
{"id": 3821, "label": 2}
{"id": 3822, "label": 0}
{"id": 3823, "label": 0}
{"id": 3824, "label": 3}
{"id": 3825, "label": 2}
{"id": 3826, "label": 3}
{"id": 3827, "label": 1}
{"id": 3828, "label": 0}
{"id": 3829, "label": 1}
{"id": 3830, "label": 1}
{"id": 3831, "label": 2}
{"id": 3832, "label": 2}
{"id": 3833, "label": 2}
{"id": 3834, "label": 1}
{"id": 3835, "label": 3}
{"id": 3836, "label": 2}
{"id": 3837, "label": 3}
{"id": 3838, "label": 2}
{"id": 3839, "label": 3}
{"id": 3840, "label": 1}
{"id": 3841, "label": 1}
{"id": 3842, "label": 2}
{"id": 3843, "label": 1}
{"id": 3844, "label": 2}
{"id": 3845, "label": 1}
{"id": 3846, "label": 0}
{"id": 3847, "label": 3}
{"id": 3848, "label": 3}
{"id": 3849, "label": 2}
{"id": 3850, "label": 3}
{"id": 3851, "label": 2}
{"id": 3852, "label": 1}
{"id": 3853, "label": 2}
{"id": 3854, "label": 3}
{"id": 3855, "label": 1}
{"id": 3856, "label": 3}
{"id": 3857, "label": 0}
{"id": 3858, "label": 3}
{"id": 3859, "label": 3}
{"id": 3860, "label": 2}
{"id": 3861, "label": 1}
{"id": 3862, "label": 3}
{"id": 3863, "label": 2}
{"id": 3864, "label": 3}
{"id": 3865, "label": 0}
{"id": 3866, "label": 0}
{"id": 3867, "label": 2}
{"id": 3868, "label": 1}
{"id": 3869, "label": 2}
{"id": 3870, "label": 1}
{"id": 3871, "label": 2}
{"id": 3872, "label": 0}
{"id": 3873, "label": 1}
{"id": 3874, "label": 1}
{"id": 3875, "label": 1}
{"id": 3876, "label": 3}
{"id": 3877, "label": 3}
{"id": 3878, "label": 3}
{"id": 3879, "label": 0}
{"id": 3880, "label": 0}
{"id": 3881, "label": 3}
{"id": 3882, "label": 3}
{"id": 3883, "label": 2}
{"id": 3884, "label": 2}
{"id": 3885, "label": 2}
{"id": 3886, "label": 2}
{"id": 3887, "label": 1}
{"id": 3888, "label": 2}
{"id": 3889, "label": 3}
{"id": 3890, "label": 3}
{"id": 3891, "label": 1}
